TypeID,SizeValue,Stock,SizeSold,TotalVanzari,MediaZilnica,ZileEstimEpuizare
1,36.0,35,36.0,1.0,0.011111111111111112,3150.0
1,37.0,31,37.0,4.0,0.044444444444444446,697.5
1,38.0,25,38.0,5.0,0.05555555555555555,450.0
1,39.0,10,39.0,1.0,0.011111111111111112,900.0
1,40.0,13,40.0,2.0,0.022222222222222223,585.0
1,41.0,24,41.0,3.0,0.03333333333333333,720.0
1,42.0,20,42.0,5.0,0.05555555555555555,360.0
1,43.0,19,43.0,2.0,0.022222222222222223,855.0
1,44.0,27,44.0,1.0,0.011111111111111112,2430.0
1,45.0,33,,0.0,0.0,inf
1,46.0,40,,0.0,0.0,inf
2,36.0,31,36.0,5.0,0.05555555555555555,558.0
2,37.0,23,37.0,2.0,0.022222222222222223,1035.0
2,38.0,33,38.0,4.0,0.044444444444444446,742.5
2,39.0,31,39.0,3.0,0.03333333333333333,930.0
2,40.0,29,40.0,4.0,0.044444444444444446,652.5
2,41.0,28,41.0,2.0,0.022222222222222223,1260.0
2,42.0,20,42.0,1.0,0.011111111111111112,1800.0
2,43.0,27,43.0,3.0,0.03333333333333333,810.0
2,44.0,27,44.0,1.0,0.011111111111111112,2430.0
2,45.0,33,,0.0,0.0,inf
2,46.0,35,,0.0,0.0,inf
3,36.0,22,36.0,1.0,0.011111111111111112,1980.0
3,37.0,14,37.0,3.0,0.03333333333333333,420.0
3,38.0,22,38.0,4.0,0.044444444444444446,495.0
3,39.0,19,39.0,2.0,0.022222222222222223,855.0
3,40.0,6,40.0,6.0,0.06666666666666667,90.0
3,41.0,4,41.0,4.0,0.044444444444444446,90.0
3,42.0,1,42.0,3.0,0.03333333333333333,30.0
3,43.0,3,,0.0,0.0,inf
3,44.0,9,44.0,4.0,0.044444444444444446,202.5
3,45.0,13,45.0,1.0,0.011111111111111112,1170.0
3,46.0,18,,0.0,0.0,inf
4,36.0,22,36.0,2.0,0.022222222222222223,990.0
4,37.0,14,37.0,1.0,0.011111111111111112,1260.0
4,38.0,22,38.0,12.0,0.13333333333333333,165.0
4,39.0,19,39.0,2.0,0.022222222222222223,855.0
4,40.0,7,40.0,6.0,0.06666666666666667,105.0
4,41.0,4,41.0,3.0,0.03333333333333333,120.0
4,42.0,1,42.0,2.0,0.022222222222222223,45.0
4,43.0,3,43.0,1.0,0.011111111111111112,270.0
4,44.0,9,44.0,6.0,0.06666666666666667,135.0
4,45.0,13,,0.0,0.0,inf
4,46.0,18,,0.0,0.0,inf
5,36.0,9,36.0,6.0,0.06666666666666667,135.0
5,37.0,9,37.0,3.0,0.03333333333333333,270.0
5,39.0,4,39.0,3.0,0.03333333333333333,120.0
5,40.0,7,40.0,1.0,0.011111111111111112,630.0
5,41.0,7,41.0,2.0,0.022222222222222223,315.0
5,42.0,8,42.0,4.0,0.044444444444444446,180.0
5,43.0,16,,0.0,0.0,inf
5,44.0,26,44.0,3.0,0.03333333333333333,780.0
5,45.0,33,,0.0,0.0,inf
5,46.0,35,,0.0,0.0,inf
6,36.0,13,36.0,5.0,0.05555555555555555,234.0
6,37.0,14,37.0,7.0,0.07777777777777778,180.0
6,38.0,13,38.0,1.0,0.011111111111111112,1170.0
6,39.0,17,39.0,5.0,0.05555555555555555,306.0
6,40.0,11,40.0,4.0,0.044444444444444446,247.5
6,41.0,20,,0.0,0.0,inf
6,42.0,22,42.0,2.0,0.022222222222222223,990.0
6,43.0,27,43.0,6.0,0.06666666666666667,405.0
6,44.0,31,44.0,2.0,0.022222222222222223,1395.0
6,45.0,28,45.0,4.0,0.044444444444444446,630.0
6,46.0,15,,0.0,0.0,inf
7,36.0,18,36.0,6.0,0.06666666666666667,270.0
7,37.0,17,37.0,8.0,0.08888888888888889,191.25
7,38.0,22,38.0,6.0,0.06666666666666667,330.0
7,39.0,27,39.0,3.0,0.03333333333333333,810.0
7,40.0,29,40.0,5.0,0.05555555555555555,522.0
7,41.0,30,41.0,8.0,0.08888888888888889,337.5
7,42.0,7,42.0,5.0,0.05555555555555555,126.0
7,43.0,17,43.0,2.0,0.022222222222222223,765.0
7,44.0,7,44.0,1.0,0.011111111111111112,630.0
7,45.0,6,,0.0,0.0,inf
7,46.0,3,,0.0,0.0,inf
8,36.0,15,36.0,2.0,0.022222222222222223,675.0
8,37.0,10,37.0,7.0,0.07777777777777778,128.57142857142856
8,38.0,11,38.0,4.0,0.044444444444444446,247.5
8,39.0,11,39.0,10.0,0.1111111111111111,99.0
8,40.0,4,40.0,6.0,0.06666666666666667,60.0
8,41.0,0,41.0,3.0,0.03333333333333333,0.0
8,42.0,0,42.0,5.0,0.05555555555555555,0.0
8,43.0,1,43.0,1.0,0.011111111111111112,90.0
8,44.0,8,44.0,2.0,0.022222222222222223,360.0
8,45.0,5,45.0,1.0,0.011111111111111112,450.0
8,46.0,3,,0.0,0.0,inf
9,36.0,15,36.0,4.0,0.044444444444444446,337.5
9,37.0,15,37.0,3.0,0.03333333333333333,450.0
9,38.0,15,38.0,5.0,0.05555555555555555,270.0
9,39.0,9,39.0,2.0,0.022222222222222223,405.0
9,40.0,8,40.0,3.0,0.03333333333333333,240.0
9,41.0,9,41.0,3.0,0.03333333333333333,270.0
9,42.0,10,42.0,4.0,0.044444444444444446,225.0
9,43.0,7,43.0,2.0,0.022222222222222223,315.0
9,44.0,15,44.0,2.0,0.022222222222222223,675.0
9,45.0,14,,0.0,0.0,inf
9,46.0,18,,0.0,0.0,inf
10,36.0,22,36.0,9.0,0.1,220.0
10,37.0,23,37.0,8.0,0.08888888888888889,258.75
10,38.0,33,38.0,2.0,0.022222222222222223,1485.0
10,39.0,31,39.0,6.0,0.06666666666666667,465.0
10,40.0,29,40.0,3.0,0.03333333333333333,870.0
10,41.0,28,41.0,9.0,0.1,280.0
10,42.0,17,42.0,3.0,0.03333333333333333,510.0
10,43.0,24,43.0,5.0,0.05555555555555555,432.0
10,44.0,23,44.0,3.0,0.03333333333333333,690.0
10,45.0,33,,0.0,0.0,inf
10,46.0,35,46.0,1.0,0.011111111111111112,3150.0
11,36.0,31,36.0,5.0,0.05555555555555555,558.0
11,37.0,23,37.0,4.0,0.044444444444444446,517.5
11,38.0,33,38.0,1.0,0.011111111111111112,2970.0
11,39.0,31,39.0,5.0,0.05555555555555555,558.0
11,40.0,29,40.0,4.0,0.044444444444444446,652.5
11,41.0,28,41.0,8.0,0.08888888888888889,315.0
11,42.0,20,42.0,4.0,0.044444444444444446,450.0
11,43.0,27,43.0,1.0,0.011111111111111112,2430.0
11,44.0,27,44.0,1.0,0.011111111111111112,2430.0
11,45.0,33,45.0,1.0,0.011111111111111112,2970.0
11,46.0,35,,0.0,0.0,inf
12,36.0,40,36.0,1.0,0.011111111111111112,3600.0
12,37.0,40,37.0,5.0,0.05555555555555555,720.0
12,38.0,40,38.0,5.0,0.05555555555555555,720.0
12,39.0,37,39.0,6.0,0.06666666666666667,555.0
12,40.0,35,40.0,8.0,0.08888888888888889,393.75
12,41.0,33,41.0,5.0,0.05555555555555555,594.0
12,42.0,30,42.0,5.0,0.05555555555555555,540.0
12,43.0,31,43.0,2.0,0.022222222222222223,1395.0
12,44.0,32,44.0,2.0,0.022222222222222223,1440.0
12,45.0,33,45.0,2.0,0.022222222222222223,1485.0
12,46.0,35,46.0,2.0,0.022222222222222223,1575.0
13,36.0,2,36.0,7.0,0.07777777777777778,25.714285714285715
13,37.0,1,37.0,6.0,0.06666666666666667,15.0
13,38.0,0,38.0,1.0,0.011111111111111112,0.0
13,40.0,0,40.0,3.0,0.03333333333333333,0.0
13,41.0,0,41.0,3.0,0.03333333333333333,0.0
13,42.0,0,42.0,3.0,0.03333333333333333,0.0
13,43.0,0,43.0,2.0,0.022222222222222223,0.0
13,44.0,5,44.0,3.0,0.03333333333333333,150.0
13,45.0,3,45.0,1.0,0.011111111111111112,270.0
13,46.0,1,46.0,1.0,0.011111111111111112,90.0
14,36.0,8,36.0,5.0,0.05555555555555555,144.0
14,37.0,19,37.0,2.0,0.022222222222222223,855.0
14,38.0,17,38.0,8.0,0.08888888888888889,191.25
14,39.0,15,39.0,4.0,0.044444444444444446,337.5
14,40.0,9,40.0,7.0,0.07777777777777778,115.71428571428571
14,41.0,3,41.0,6.0,0.06666666666666667,45.0
14,42.0,8,,0.0,0.0,inf
14,43.0,11,,0.0,0.0,inf
14,44.0,24,,0.0,0.0,inf
14,45.0,20,45.0,1.0,0.011111111111111112,1800.0
14,46.0,17,,0.0,0.0,inf
15,36.0,0,36.0,8.0,0.08888888888888889,0.0
15,37.0,8,37.0,2.0,0.022222222222222223,360.0
15,38.0,7,38.0,8.0,0.08888888888888889,78.75
15,39.0,19,,0.0,0.0,inf
15,40.0,21,40.0,7.0,0.07777777777777778,270.0
15,41.0,10,41.0,3.0,0.03333333333333333,300.0
15,42.0,24,42.0,4.0,0.044444444444444446,540.0
15,43.0,16,43.0,4.0,0.044444444444444446,360.0
15,44.0,19,,0.0,0.0,inf
15,45.0,3,45.0,4.0,0.044444444444444446,67.5
15,46.0,0,,0.0,0.0,inf
16,36.0,3,36.0,8.0,0.08888888888888889,33.75
16,39.0,8,39.0,4.0,0.044444444444444446,180.0
16,40.0,23,40.0,5.0,0.05555555555555555,414.0
16,41.0,25,41.0,1.0,0.011111111111111112,2250.0
16,42.0,25,42.0,7.0,0.07777777777777778,321.42857142857144
16,43.0,11,43.0,2.0,0.022222222222222223,495.0
16,44.0,23,,0.0,0.0,inf
16,45.0,12,,0.0,0.0,inf
16,46.0,0,,0.0,0.0,inf
17,36.0,0,36.0,2.0,0.022222222222222223,0.0
17,37.0,4,37.0,3.0,0.03333333333333333,120.0
17,38.0,6,38.0,7.0,0.07777777777777778,77.14285714285714
17,39.0,12,39.0,5.0,0.05555555555555555,216.0
17,40.0,11,40.0,9.0,0.1,110.0
17,41.0,16,41.0,2.0,0.022222222222222223,720.0
17,42.0,16,42.0,4.0,0.044444444444444446,360.0
17,43.0,21,43.0,4.0,0.044444444444444446,472.5
17,44.0,20,,0.0,0.0,inf
17,45.0,5,45.0,3.0,0.03333333333333333,150.0
17,46.0,0,,0.0,0.0,inf
18,36.0,5,,0.0,0.0,inf
18,37.0,6,37.0,5.0,0.05555555555555555,108.0
18,39.0,11,39.0,4.0,0.044444444444444446,247.5
18,40.0,25,40.0,3.0,0.03333333333333333,750.0
18,41.0,10,41.0,1.0,0.011111111111111112,900.0
18,42.0,25,42.0,3.0,0.03333333333333333,750.0
18,43.0,22,43.0,1.0,0.011111111111111112,1980.0
18,44.0,14,,0.0,0.0,inf
18,45.0,3,45.0,2.0,0.022222222222222223,135.0
18,46.0,0,,0.0,0.0,inf
19,36.0,3,36.0,5.0,0.05555555555555555,54.0
19,38.0,5,38.0,8.0,0.08888888888888889,56.25
19,39.0,13,39.0,11.0,0.12222222222222222,106.36363636363637
19,40.0,17,40.0,3.0,0.03333333333333333,510.0
19,41.0,15,41.0,2.0,0.022222222222222223,675.0
19,42.0,23,42.0,3.0,0.03333333333333333,690.0
19,43.0,0,43.0,5.0,0.05555555555555555,0.0
19,44.0,24,,0.0,0.0,inf
19,45.0,0,45.0,5.0,0.05555555555555555,0.0
19,46.0,8,,0.0,0.0,inf
20,36.0,0,36.0,3.0,0.03333333333333333,0.0
20,37.0,8,37.0,6.0,0.06666666666666667,120.0
20,38.0,11,38.0,4.0,0.044444444444444446,247.5
20,39.0,14,39.0,4.0,0.044444444444444446,315.0
20,40.0,9,40.0,4.0,0.044444444444444446,202.5
20,41.0,19,41.0,4.0,0.044444444444444446,427.5
20,42.0,14,42.0,3.0,0.03333333333333333,420.0
20,43.0,12,43.0,1.0,0.011111111111111112,1080.0
20,44.0,0,44.0,4.0,0.044444444444444446,0.0
20,45.0,9,,0.0,0.0,inf
20,46.0,0,,0.0,0.0,inf
21,36.0,0,36.0,3.0,0.03333333333333333,0.0
21,37.0,3,37.0,5.0,0.05555555555555555,54.0
21,38.0,12,38.0,5.0,0.05555555555555555,216.0
21,39.0,25,39.0,7.0,0.07777777777777778,321.42857142857144
21,40.0,25,40.0,4.0,0.044444444444444446,562.5
21,41.0,23,41.0,2.0,0.022222222222222223,1035.0
21,42.0,14,42.0,3.0,0.03333333333333333,420.0
21,43.0,12,,0.0,0.0,inf
21,44.0,17,44.0,3.0,0.03333333333333333,510.0
21,45.0,10,45.0,4.0,0.044444444444444446,225.0
21,46.0,8,,0.0,0.0,inf
22,36.0,5,36.0,8.0,0.08888888888888889,56.25
22,37.0,8,37.0,4.0,0.044444444444444446,180.0
22,38.0,6,38.0,4.0,0.044444444444444446,135.0
22,39.0,8,39.0,2.0,0.022222222222222223,360.0
22,40.0,21,40.0,5.0,0.05555555555555555,378.0
22,41.0,23,41.0,10.0,0.1111111111111111,207.0
22,42.0,21,42.0,4.0,0.044444444444444446,472.5
22,43.0,12,43.0,2.0,0.022222222222222223,540.0
22,44.0,10,,0.0,0.0,inf
22,45.0,5,45.0,1.0,0.011111111111111112,450.0
22,46.0,5,46.0,5.0,0.05555555555555555,90.0
23,36.0,0,36.0,3.0,0.03333333333333333,0.0
23,37.0,5,37.0,3.0,0.03333333333333333,150.0
23,38.0,10,38.0,1.0,0.011111111111111112,900.0
23,39.0,24,39.0,6.0,0.06666666666666667,360.0
23,40.0,21,40.0,3.0,0.03333333333333333,630.0
23,41.0,15,41.0,1.0,0.011111111111111112,1350.0
23,42.0,25,,0.0,0.0,inf
23,43.0,15,43.0,6.0,0.06666666666666667,225.0
23,44.0,22,44.0,2.0,0.022222222222222223,990.0
23,45.0,3,45.0,1.0,0.011111111111111112,270.0
23,46.0,5,,0.0,0.0,inf
24,36.0,5,36.0,7.0,0.07777777777777778,64.28571428571428
24,37.0,8,37.0,4.0,0.044444444444444446,180.0
24,38.0,5,38.0,2.0,0.022222222222222223,225.0
24,39.0,23,39.0,6.0,0.06666666666666667,345.0
24,40.0,25,40.0,2.0,0.022222222222222223,1125.0
24,41.0,23,41.0,8.0,0.08888888888888889,258.75
24,42.0,0,42.0,5.0,0.05555555555555555,0.0
24,43.0,15,43.0,6.0,0.06666666666666667,225.0
24,44.0,25,44.0,2.0,0.022222222222222223,1125.0
24,45.0,5,45.0,1.0,0.011111111111111112,450.0
24,46.0,8,,0.0,0.0,inf
25,36.0,5,36.0,5.0,0.05555555555555555,90.0
25,37.0,12,37.0,2.0,0.022222222222222223,540.0
25,38.0,8,38.0,5.0,0.05555555555555555,144.0
25,40.0,25,40.0,3.0,0.03333333333333333,750.0
25,41.0,12,41.0,4.0,0.044444444444444446,270.0
25,42.0,17,42.0,7.0,0.07777777777777778,218.57142857142856
25,43.0,13,43.0,2.0,0.022222222222222223,585.0
25,44.0,15,,0.0,0.0,inf
25,45.0,9,45.0,1.0,0.011111111111111112,810.0
25,46.0,3,46.0,1.0,0.011111111111111112,270.0
26,36.0,0,36.0,4.0,0.044444444444444446,0.0
26,37.0,12,37.0,3.0,0.03333333333333333,360.0
26,38.0,12,38.0,4.0,0.044444444444444446,270.0
26,39.0,11,39.0,7.0,0.07777777777777778,141.42857142857142
26,40.0,11,40.0,5.0,0.05555555555555555,198.0
26,41.0,11,41.0,1.0,0.011111111111111112,990.0
26,42.0,13,42.0,2.0,0.022222222222222223,585.0
26,43.0,22,43.0,1.0,0.011111111111111112,1980.0
26,44.0,24,44.0,3.0,0.03333333333333333,720.0
26,45.0,3,45.0,2.0,0.022222222222222223,135.0
26,46.0,5,46.0,2.0,0.022222222222222223,225.0
27,36.0,0,36.0,4.0,0.044444444444444446,0.0
27,37.0,3,37.0,4.0,0.044444444444444446,67.5
27,38.0,8,38.0,4.0,0.044444444444444446,180.0
27,39.0,23,39.0,6.0,0.06666666666666667,345.0
27,40.0,23,40.0,2.0,0.022222222222222223,1035.0
27,41.0,18,41.0,4.0,0.044444444444444446,405.0
27,42.0,9,42.0,5.0,0.05555555555555555,162.0
27,43.0,12,43.0,4.0,0.044444444444444446,270.0
27,44.0,15,44.0,1.0,0.011111111111111112,1350.0
27,45.0,3,45.0,1.0,0.011111111111111112,270.0
27,46.0,0,,0.0,0.0,inf
28,36.0,3,36.0,1.0,0.011111111111111112,270.0
28,37.0,3,37.0,4.0,0.044444444444444446,67.5
28,38.0,4,38.0,5.0,0.05555555555555555,72.0
28,39.0,24,39.0,9.0,0.1,240.0
28,40.0,17,40.0,3.0,0.03333333333333333,510.0
28,41.0,11,41.0,2.0,0.022222222222222223,495.0
28,42.0,21,42.0,2.0,0.022222222222222223,945.0
28,43.0,0,43.0,1.0,0.011111111111111112,0.0
28,44.0,22,,0.0,0.0,inf
28,45.0,7,45.0,4.0,0.044444444444444446,157.5
28,46.0,0,,0.0,0.0,inf
29,36.0,3,36.0,3.0,0.03333333333333333,90.0
29,37.0,0,37.0,2.0,0.022222222222222223,0.0
29,38.0,12,38.0,9.0,0.1,120.0
29,39.0,9,39.0,6.0,0.06666666666666667,135.0
29,40.0,0,40.0,4.0,0.044444444444444446,0.0
29,41.0,16,41.0,5.0,0.05555555555555555,288.0
29,42.0,21,42.0,3.0,0.03333333333333333,630.0
29,43.0,17,43.0,5.0,0.05555555555555555,306.0
29,44.0,9,44.0,1.0,0.011111111111111112,810.0
29,45.0,8,45.0,3.0,0.03333333333333333,240.0
29,46.0,0,,0.0,0.0,inf
30,36.0,5,36.0,5.0,0.05555555555555555,90.0
30,37.0,12,37.0,4.0,0.044444444444444446,270.0
30,38.0,9,38.0,4.0,0.044444444444444446,202.5
30,39.0,11,39.0,1.0,0.011111111111111112,990.0
30,40.0,25,40.0,1.0,0.011111111111111112,2250.0
30,41.0,22,41.0,1.0,0.011111111111111112,1980.0
30,42.0,18,,0.0,0.0,inf
30,43.0,23,,0.0,0.0,inf
30,44.0,15,,0.0,0.0,inf
30,45.0,9,45.0,2.0,0.022222222222222223,405.0
30,46.0,5,,0.0,0.0,inf
31,36.0,5,36.0,3.0,0.03333333333333333,150.0
31,37.0,9,,0.0,0.0,inf
31,38.0,6,38.0,1.0,0.011111111111111112,540.0
31,39.0,23,39.0,4.0,0.044444444444444446,517.5
31,40.0,18,40.0,2.0,0.022222222222222223,810.0
31,41.0,21,41.0,4.0,0.044444444444444446,472.5
31,42.0,20,,0.0,0.0,inf
31,43.0,11,43.0,4.0,0.044444444444444446,247.5
31,44.0,11,44.0,1.0,0.011111111111111112,990.0
31,45.0,0,45.0,3.0,0.03333333333333333,0.0
31,46.0,3,,0.0,0.0,inf
32,36.0,5,36.0,1.0,0.011111111111111112,450.0
32,37.0,9,37.0,6.0,0.06666666666666667,135.0
32,38.0,0,38.0,3.0,0.03333333333333333,0.0
32,39.0,20,39.0,1.0,0.011111111111111112,1800.0
32,40.0,9,40.0,2.0,0.022222222222222223,405.0
32,41.0,23,41.0,1.0,0.011111111111111112,2070.0
32,42.0,17,42.0,1.0,0.011111111111111112,1530.0
32,43.0,18,,0.0,0.0,inf
32,44.0,11,44.0,1.0,0.011111111111111112,990.0
32,45.0,5,,0.0,0.0,inf
32,46.0,0,,0.0,0.0,inf
33,36.0,8,36.0,3.0,0.03333333333333333,240.0
33,37.0,3,37.0,1.0,0.011111111111111112,270.0
33,38.0,9,38.0,2.0,0.022222222222222223,405.0
33,39.0,9,39.0,2.0,0.022222222222222223,405.0
33,40.0,0,40.0,3.0,0.03333333333333333,0.0
33,41.0,22,41.0,3.0,0.03333333333333333,660.0
33,42.0,17,,0.0,0.0,inf
33,43.0,16,43.0,2.0,0.022222222222222223,720.0
33,44.0,11,44.0,2.0,0.022222222222222223,495.0
33,45.0,3,45.0,3.0,0.03333333333333333,90.0
33,46.0,0,,0.0,0.0,inf
34,36.0,8,36.0,1.0,0.011111111111111112,720.0
34,37.0,4,37.0,1.0,0.011111111111111112,360.0
34,38.0,9,38.0,1.0,0.011111111111111112,810.0
34,39.0,22,,0.0,0.0,inf
34,40.0,20,,0.0,0.0,inf
34,41.0,17,41.0,1.0,0.011111111111111112,1530.0
34,42.0,17,42.0,3.0,0.03333333333333333,510.0
34,43.0,22,43.0,2.0,0.022222222222222223,990.0
34,44.0,10,,0.0,0.0,inf
34,45.0,5,,0.0,0.0,inf
34,46.0,3,,0.0,0.0,inf
35,36.0,8,,0.0,0.0,inf
35,37.0,3,37.0,1.0,0.011111111111111112,270.0
35,38.0,6,38.0,1.0,0.011111111111111112,540.0
35,39.0,18,39.0,3.0,0.03333333333333333,540.0
35,40.0,14,40.0,2.0,0.022222222222222223,630.0
35,41.0,19,41.0,2.0,0.022222222222222223,855.0
35,42.0,16,42.0,1.0,0.011111111111111112,1440.0
35,43.0,23,43.0,9.0,0.1,230.0
35,44.0,15,,0.0,0.0,inf
35,45.0,12,,0.0,0.0,inf
35,46.0,0,,0.0,0.0,inf
36,36.0,0,36.0,4.0,0.044444444444444446,0.0
36,37.0,10,37.0,1.0,0.011111111111111112,900.0
36,38.0,4,38.0,5.0,0.05555555555555555,72.0
36,39.0,25,39.0,2.0,0.022222222222222223,1125.0
36,40.0,8,40.0,1.0,0.011111111111111112,720.0
36,41.0,13,,0.0,0.0,inf
36,42.0,18,42.0,2.0,0.022222222222222223,810.0
36,43.0,25,43.0,1.0,0.011111111111111112,2250.0
36,44.0,9,,0.0,0.0,inf
36,45.0,6,45.0,1.0,0.011111111111111112,540.0
36,46.0,0,,0.0,0.0,inf
37,36.0,0,36.0,2.0,0.022222222222222223,0.0
37,37.0,6,,0.0,0.0,inf
37,38.0,5,38.0,3.0,0.03333333333333333,150.0
37,39.0,19,39.0,1.0,0.011111111111111112,1710.0
37,40.0,18,40.0,3.0,0.03333333333333333,540.0
37,41.0,10,41.0,2.0,0.022222222222222223,450.0
37,42.0,14,42.0,1.0,0.011111111111111112,1260.0
37,43.0,0,43.0,4.0,0.044444444444444446,0.0
37,44.0,11,44.0,4.0,0.044444444444444446,247.5
37,45.0,6,,0.0,0.0,inf
37,46.0,5,46.0,1.0,0.011111111111111112,450.0
38,36.0,0,36.0,1.0,0.011111111111111112,0.0
38,37.0,6,,0.0,0.0,inf
38,38.0,7,38.0,2.0,0.022222222222222223,315.0
38,39.0,10,39.0,5.0,0.05555555555555555,180.0
38,40.0,8,40.0,1.0,0.011111111111111112,720.0
38,41.0,8,41.0,3.0,0.03333333333333333,240.0
38,42.0,24,42.0,3.0,0.03333333333333333,720.0
38,43.0,8,43.0,1.0,0.011111111111111112,720.0
38,44.0,10,44.0,3.0,0.03333333333333333,300.0
38,45.0,9,,0.0,0.0,inf
38,46.0,0,46.0,1.0,0.011111111111111112,0.0
39,36.0,0,36.0,2.0,0.022222222222222223,0.0
39,37.0,10,37.0,4.0,0.044444444444444446,225.0
39,38.0,0,38.0,1.0,0.011111111111111112,0.0
39,39.0,13,39.0,1.0,0.011111111111111112,1170.0
39,40.0,19,40.0,5.0,0.05555555555555555,342.0
39,41.0,22,41.0,1.0,0.011111111111111112,1980.0
39,42.0,20,42.0,1.0,0.011111111111111112,1800.0
39,43.0,8,,0.0,0.0,inf
39,44.0,21,44.0,4.0,0.044444444444444446,472.5
39,45.0,11,45.0,1.0,0.011111111111111112,990.0
39,46.0,0,,0.0,0.0,inf
40,36.0,5,36.0,1.0,0.011111111111111112,450.0
40,37.0,4,37.0,1.0,0.011111111111111112,360.0
40,38.0,5,38.0,2.0,0.022222222222222223,225.0
40,39.0,9,39.0,1.0,0.011111111111111112,810.0
40,40.0,21,40.0,5.0,0.05555555555555555,378.0
40,41.0,10,41.0,1.0,0.011111111111111112,900.0
40,42.0,24,42.0,1.0,0.011111111111111112,2160.0
40,43.0,9,,0.0,0.0,inf
40,44.0,19,,0.0,0.0,inf
40,45.0,4,,0.0,0.0,inf
40,46.0,0,46.0,1.0,0.011111111111111112,0.0
41,36.0,5,36.0,2.0,0.022222222222222223,225.0
41,37.0,4,37.0,1.0,0.011111111111111112,360.0
41,38.0,7,38.0,4.0,0.044444444444444446,157.5
41,39.0,21,39.0,1.0,0.011111111111111112,1890.0
41,40.0,23,,0.0,0.0,inf
41,41.0,20,41.0,1.0,0.011111111111111112,1800.0
41,42.0,22,,0.0,0.0,inf
41,43.0,15,,0.0,0.0,inf
41,44.0,21,,0.0,0.0,inf
41,45.0,3,45.0,3.0,0.03333333333333333,90.0
41,46.0,8,,0.0,0.0,inf
42,36.0,0,36.0,1.0,0.011111111111111112,0.0
42,37.0,5,37.0,1.0,0.011111111111111112,450.0
42,38.0,5,38.0,1.0,0.011111111111111112,450.0
42,39.0,8,39.0,4.0,0.044444444444444446,180.0
42,40.0,15,40.0,4.0,0.044444444444444446,337.5
42,41.0,11,41.0,2.0,0.022222222222222223,495.0
42,42.0,24,42.0,1.0,0.011111111111111112,2160.0
42,43.0,16,43.0,1.0,0.011111111111111112,1440.0
42,44.0,8,44.0,2.0,0.022222222222222223,360.0
42,45.0,8,45.0,3.0,0.03333333333333333,240.0
42,46.0,8,46.0,2.0,0.022222222222222223,360.0
43,36.0,3,36.0,1.0,0.011111111111111112,270.0
43,37.0,5,37.0,4.0,0.044444444444444446,112.5
43,38.0,0,,0.0,0.0,inf
43,39.0,20,,0.0,0.0,inf
43,40.0,10,40.0,1.0,0.011111111111111112,900.0
43,41.0,17,,0.0,0.0,inf
43,42.0,15,42.0,3.0,0.03333333333333333,450.0
43,43.0,21,43.0,1.0,0.011111111111111112,1890.0
43,44.0,13,,0.0,0.0,inf
43,45.0,11,,0.0,0.0,inf
43,46.0,8,46.0,1.0,0.011111111111111112,720.0
46,36.0,8,36.0,2.0,0.022222222222222223,360.0
46,37.0,4,37.0,1.0,0.011111111111111112,360.0
46,38.0,0,38.0,1.0,0.011111111111111112,0.0
46,39.0,19,39.0,3.0,0.03333333333333333,570.0
46,40.0,25,40.0,1.0,0.011111111111111112,2250.0
46,41.0,11,41.0,3.0,0.03333333333333333,330.0
46,42.0,25,,0.0,0.0,inf
46,43.0,20,43.0,1.0,0.011111111111111112,1800.0
46,44.0,17,,0.0,0.0,inf
46,45.0,11,,0.0,0.0,inf
46,46.0,0,46.0,1.0,0.011111111111111112,0.0
47,36.0,3,36.0,3.0,0.03333333333333333,90.0
47,37.0,10,37.0,1.0,0.011111111111111112,900.0
47,38.0,8,38.0,1.0,0.011111111111111112,720.0
47,39.0,21,39.0,3.0,0.03333333333333333,630.0
47,40.0,22,40.0,3.0,0.03333333333333333,660.0
47,41.0,25,41.0,3.0,0.03333333333333333,750.0
47,42.0,21,42.0,1.0,0.011111111111111112,1890.0
47,43.0,20,43.0,2.0,0.022222222222222223,900.0
47,44.0,10,44.0,5.0,0.05555555555555555,180.0
47,45.0,5,45.0,2.0,0.022222222222222223,225.0
47,46.0,8,,0.0,0.0,inf
48,36.0,0,36.0,1.0,0.011111111111111112,0.0
48,37.0,7,37.0,2.0,0.022222222222222223,315.0
48,38.0,12,38.0,1.0,0.011111111111111112,1080.0
48,40.0,8,40.0,3.0,0.03333333333333333,240.0
48,41.0,16,,0.0,0.0,inf
48,42.0,15,42.0,2.0,0.022222222222222223,675.0
48,43.0,10,43.0,2.0,0.022222222222222223,450.0
48,44.0,24,44.0,1.0,0.011111111111111112,2160.0
48,45.0,9,,0.0,0.0,inf
48,46.0,5,,0.0,0.0,inf
49,36.0,8,36.0,3.0,0.03333333333333333,240.0
49,37.0,8,37.0,2.0,0.022222222222222223,360.0
49,38.0,10,38.0,3.0,0.03333333333333333,300.0
49,39.0,15,39.0,2.0,0.022222222222222223,675.0
49,40.0,15,40.0,2.0,0.022222222222222223,675.0
49,41.0,22,,0.0,0.0,inf
49,42.0,11,42.0,2.0,0.022222222222222223,495.0
49,43.0,9,43.0,1.0,0.011111111111111112,810.0
49,44.0,11,44.0,3.0,0.03333333333333333,330.0
49,45.0,9,,0.0,0.0,inf
49,46.0,8,,0.0,0.0,inf
50,36.0,8,36.0,1.0,0.011111111111111112,720.0
50,37.0,8,37.0,1.0,0.011111111111111112,720.0
50,38.0,9,,0.0,0.0,inf
50,39.0,20,,0.0,0.0,inf
50,40.0,25,40.0,4.0,0.044444444444444446,562.5
50,41.0,23,41.0,3.0,0.03333333333333333,690.0
50,42.0,11,,0.0,0.0,inf
50,43.0,10,43.0,2.0,0.022222222222222223,450.0
50,44.0,10,44.0,1.0,0.011111111111111112,900.0
50,45.0,4,,0.0,0.0,inf
50,46.0,8,,0.0,0.0,inf
51,36.0,0,36.0,1.0,0.011111111111111112,0.0
51,37.0,10,,0.0,0.0,inf
51,38.0,9,38.0,1.0,0.011111111111111112,810.0
51,39.0,24,39.0,2.0,0.022222222222222223,1080.0
51,40.0,20,,0.0,0.0,inf
51,41.0,20,41.0,4.0,0.044444444444444446,450.0
51,42.0,0,42.0,2.0,0.022222222222222223,0.0
51,43.0,9,,0.0,0.0,inf
51,44.0,20,44.0,1.0,0.011111111111111112,1800.0
51,45.0,3,45.0,1.0,0.011111111111111112,270.0
51,46.0,5,,0.0,0.0,inf
52,36.0,5,36.0,1.0,0.011111111111111112,450.0
52,37.0,3,,0.0,0.0,inf
52,38.0,12,38.0,1.0,0.011111111111111112,1080.0
52,39.0,24,39.0,3.0,0.03333333333333333,720.0
52,40.0,9,40.0,1.0,0.011111111111111112,810.0
52,41.0,11,41.0,1.0,0.011111111111111112,990.0
52,42.0,23,42.0,2.0,0.022222222222222223,1035.0
52,43.0,22,43.0,5.0,0.05555555555555555,396.0
52,44.0,19,44.0,2.0,0.022222222222222223,855.0
52,45.0,3,,0.0,0.0,inf
52,46.0,8,,0.0,0.0,inf
53,36.0,4,36.0,5.0,0.05555555555555555,72.0
53,37.0,6,37.0,2.0,0.022222222222222223,270.0
53,38.0,8,38.0,5.0,0.05555555555555555,144.0
53,39.0,16,,0.0,0.0,inf
53,40.0,9,40.0,3.0,0.03333333333333333,270.0
53,41.0,19,41.0,1.0,0.011111111111111112,1710.0
53,42.0,18,42.0,3.0,0.03333333333333333,540.0
53,43.0,21,,0.0,0.0,inf
53,44.0,23,,0.0,0.0,inf
53,45.0,3,,0.0,0.0,inf
53,46.0,0,,0.0,0.0,inf
