SaleID,SaleDate,TypeID,SneakerID,SizeSold,Quantity
2501,2025-02-27,9,2,39.0,1
2502,2025-02-27,34,11,37.0,1
2503,2025-02-27,11,3,37.0,1
2504,2025-02-27,29,9,41.0,1
2505,2025-01-31,34,11,38.0,1
2506,2025-01-31,46,14,41.0,1
2507,2025-01-31,17,4,40.0,1
2508,2025-01-31,1,1,46.0,1
2509,2025-04-09,12,3,40.0,1
2510,2025-04-09,31,9,39.0,1
2511,2025-04-09,25,7,38.0,1
2512,2025-04-09,3,1,40.0,1
2513,2025-01-02,53,15,36.0,1
2514,2025-01-02,13,3,40.0,1
2515,2025-01-03,53,15,41.0,1
2516,2025-01-03,40,13,40.0,1
2517,2025-01-03,31,9,42.0,1
2518,2025-01-03,15,4,42.0,1
2519,2025-04-16,23,7,39.0,1
2520,2025-04-16,23,7,41.0,1
2521,2025-04-11,29,9,36.0,3
2522,2025-04-11,19,5,42.0,1
2523,2025-04-11,8,2,44.0,1
2524,2025-01-07,20,5,36.0,1
2525,2025-01-07,11,3,40.0,1
2526,2025-01-07,21,6,40.0,1
2527,2025-01-07,16,4,41.0,1
2528,2025-01-07,14,4,40.0,1
2529,2025-01-07,13,3,43.0,1
2530,2025-01-07,14,4,38.0,1
2531,2025-01-07,33,10,44.0,1
2532,2025-01-07,48,14,42.0,1
2533,2025-01-07,5,2,42.0,1
2534,2025-01-07,25,7,37.0,1
2535,2025-01-07,13,3,38.0,1
2536,2025-01-07,21,6,40.0,1
2537,2025-01-07,21,6,37.0,1
2538,2025-01-07,50,15,38.0,1
2539,2025-01-07,14,4,40.0,1
2540,2025-04-05,25,7,42.0,1
2541,2025-04-05,1,1,38.0,1
2542,2025-03-20,39,12,40.0,1
2543,2025-03-20,10,3,37.0,1
2544,2025-03-20,42,13,38.0,1
2545,2025-03-20,10,3,36.0,3
2546,2025-04-25,30,9,40.0,1
2547,2025-04-25,20,5,39.0,1
2548,2025-04-25,15,4,36.0,1
2549,2024-12-08,47,14,39.0,1
2550,2024-12-08,23,7,36.0,1
2551,2024-12-08,15,4,37.0,1
2552,2024-12-13,21,6,36.0,1
2553,2025-03-14,15,4,38.0,1
2554,2025-03-14,14,4,40.0,1
2555,2025-03-14,7,2,38.0,1
2556,2025-02-10,22,6,37.0,1
2557,2025-02-10,16,4,42.0,1
2558,2025-03-13,6,2,42.0,1
2559,2025-04-14,7,2,39.0,1
2560,2025-04-14,7,2,42.0,1
2561,2024-12-25,23,7,36.0,1
2562,2024-12-25,14,4,37.0,1
2563,2024-12-25,1,1,40.0,1
2564,2025-04-30,27,8,38.0,1
2565,2025-04-30,7,2,40.0,1
2566,2025-04-30,2,1,39.0,1
2567,2025-04-30,39,12,41.0,1
2568,2025-02-26,9,2,38.0,1
2569,2025-02-26,21,6,36.0,1
2570,2025-02-26,17,4,41.0,1
2571,2025-03-03,9,2,36.0,1
2572,2025-03-03,24,7,40.0,1
2573,2025-03-03,52,15,37.0,1
2574,2025-03-03,5,2,39.0,1
2575,2025-05-04,28,8,45.0,1
2576,2025-05-04,46,14,46.0,1
2577,2025-05-04,25,7,41.0,3
2578,2025-05-04,29,9,38.0,1
2579,2025-02-21,15,4,40.0,1
2580,2025-04-13,17,4,40.0,1
2581,2025-03-27,48,14,39.0,1
2582,2025-03-27,22,6,38.0,1
2583,2025-03-27,26,8,42.0,1
2584,2025-01-21,29,9,38.0,1
2585,2025-01-21,5,2,45.0,1
2586,2025-01-21,13,3,38.0,1
2587,2025-01-02,3,1,42.0,1
2588,2025-01-02,31,9,39.0,1
2589,2025-03-07,10,3,36.0,1
2590,2025-03-07,7,2,38.0,1
2591,2025-03-07,41,13,38.0,1
2592,2025-01-22,23,7,41.0,1
2593,2025-01-22,16,4,42.0,1
2594,2025-01-22,1,1,38.0,1
2595,2025-02-04,11,3,37.0,1
2596,2025-02-04,12,3,43.0,1
2597,2025-01-12,3,1,42.0,1
2598,2025-01-12,8,2,42.0,1
2599,2025-01-12,1,1,42.0,1
2600,2025-01-12,47,14,40.0,1
2601,2025-03-08,19,5,40.0,1
2602,2025-03-08,4,1,38.0,1
2603,2025-03-08,30,9,39.0,1
2604,2025-03-08,20,5,46.0,1
2605,2025-03-08,31,9,41.0,1
2606,2025-03-08,6,2,37.0,1
2607,2025-03-08,2,1,41.0,1
2608,2025-03-08,8,2,38.0,1
2609,2025-03-08,13,3,37.0,1
2610,2025-03-08,18,5,36.0,1
2611,2025-03-08,32,10,41.0,1
2612,2025-03-08,38,12,36.0,1
2613,2025-03-27,29,9,38.0,1
2614,2024-12-17,23,7,42.0,1
2615,2024-12-19,37,12,37.0,1
2616,2024-12-18,5,2,37.0,1
2617,2024-12-18,5,2,41.0,1
2618,2025-02-11,22,6,40.0,1
2619,2025-03-19,24,7,40.0,1
2620,2025-04-28,51,15,39.0,1
2621,2025-02-22,52,15,37.0,1
2622,2025-02-07,6,2,42.0,1
2623,2025-02-07,3,1,38.0,1
2624,2025-05-05,17,4,37.0,1
2625,2025-05-05,10,3,42.0,1
2626,2025-05-05,23,7,40.0,1
2627,2025-03-30,29,9,41.0,1
2628,2025-03-30,7,2,41.0,1
2629,2025-03-04,14,4,36.0,1
2630,2025-03-04,37,12,36.0,1
2631,2025-03-04,6,2,36.0,1
2632,2025-03-04,26,8,39.0,1
2633,2025-02-01,29,9,41.0,1
2634,2025-02-01,22,6,36.0,1
2635,2025-05-03,8,2,40.0,1
2636,2025-05-03,12,3,45.0,1
2637,2025-02-03,19,5,37.0,1
2638,2025-02-03,11,3,42.0,1
2639,2025-02-03,25,7,37.0,1
2640,2025-02-03,14,4,38.0,1
2641,2025-02-06,8,2,41.0,1
2642,2025-02-06,33,10,36.0,1
2643,2025-02-06,6,2,40.0,1
2644,2025-02-06,18,5,45.0,2
2645,2025-02-06,17,4,37.0,1
2646,2025-02-06,27,8,39.0,1
2647,2025-02-06,26,8,40.0,1
2648,2025-02-06,33,10,36.0,1
2649,2024-12-11,39,12,41.0,1
2650,2025-04-06,4,1,40.0,1
2651,2025-03-05,4,1,43.0,1
2652,2025-03-05,19,5,40.0,1
2653,2025-03-05,16,4,36.0,1
2654,2025-03-05,24,7,40.0,1
2655,2025-01-18,5,2,46.0,1
2656,2025-01-18,20,5,38.0,1
2657,2025-01-18,20,5,43.0,1
2658,2025-01-18,21,6,37.0,1
2659,2025-01-24,43,13,42.0,1
2660,2025-05-03,8,2,38.0,1
2661,2024-12-21,6,2,40.0,1
2662,2024-12-21,25,7,38.0,1
2663,2024-12-21,2,1,41.0,1
2664,2024-12-21,9,2,43.0,1
2665,2025-04-10,29,9,41.0,1
2666,2025-04-10,53,15,42.0,1
2667,2025-03-26,23,7,44.0,1
2668,2025-03-26,26,8,42.0,1
2669,2025-03-26,49,14,43.0,1
2670,2025-04-04,42,13,39.0,1
2671,2025-04-04,13,3,42.0,1
2672,2025-04-04,9,2,39.0,1
2673,2025-04-04,19,5,43.0,1
2674,2025-03-03,11,3,39.0,1
2675,2025-03-04,24,7,39.0,1
2676,2025-03-04,27,8,36.0,1
2677,2025-04-07,30,9,41.0,1
2678,2025-04-07,24,7,42.0,1
2679,2025-04-07,7,2,41.0,1
2680,2025-04-07,3,1,36.0,1
2681,2025-04-07,12,3,38.0,1
2682,2025-04-07,1,1,43.0,1
2683,2025-04-07,18,5,37.0,1
2684,2025-04-07,4,1,42.0,1
2685,2025-04-07,26,8,36.0,1
2686,2025-04-07,19,5,37.0,1
2687,2025-04-07,26,8,46.0,2
2688,2025-04-07,16,4,37.0,1
2689,2025-02-27,12,3,39.0,1
2690,2025-03-27,5,2,38.0,1
2691,2025-03-27,26,8,36.0,1
2692,2025-03-27,3,1,40.0,1
2693,2025-02-16,21,6,37.0,1
2694,2025-02-16,6,2,44.0,1
2695,2025-02-16,10,3,41.0,1
2696,2025-01-08,53,15,37.0,3
2697,2025-01-08,5,2,41.0,1
2698,2024-12-30,4,1,38.0,3
2699,2024-12-30,13,3,37.0,1
2700,2025-02-14,8,2,41.0,1
2701,2025-02-14,5,2,37.0,1
2702,2025-03-06,21,6,36.0,1
2703,2025-03-06,47,14,38.0,1
2704,2025-01-02,8,2,36.0,1
2705,2025-01-02,2,1,44.0,1
2706,2025-01-02,29,9,39.0,1
2707,2025-01-02,32,10,37.0,1
2708,2025-02-26,14,4,40.0,1
2709,2025-02-26,6,2,38.0,1
2710,2025-02-26,43,13,38.0,1
2711,2025-01-21,22,6,41.0,1
2712,2025-01-06,52,15,46.0,1
2713,2025-01-06,19,5,43.0,1
2714,2025-01-01,20,5,40.0,1
2715,2025-04-30,52,15,43.0,1
2716,2025-04-30,16,4,40.0,1
2717,2025-04-30,13,3,42.0,1
2718,2025-04-30,24,7,43.0,1
2719,2025-03-03,36,11,37.0,1
2720,2025-03-03,21,6,42.0,1
2721,2025-03-03,10,3,44.0,1
2722,2025-04-27,49,14,39.0,1
2723,2025-04-27,31,9,41.0,1
2724,2025-02-04,27,8,39.0,1
2725,2025-01-08,28,8,36.0,1
2726,2025-01-08,21,6,37.0,1
2727,2025-01-08,25,7,42.0,1
2728,2025-03-30,34,11,43.0,1
2729,2025-03-30,29,9,41.0,1
2730,2025-03-30,35,11,37.0,1
2731,2025-02-05,43,13,39.0,1
2732,2025-02-05,23,7,38.0,1
2733,2025-02-05,3,1,36.0,1
2734,2025-02-05,17,4,41.0,1
2735,2025-02-13,28,8,38.0,3
2736,2025-02-13,27,8,42.0,1
2737,2025-02-13,31,9,42.0,1
2738,2025-03-16,2,1,36.0,1
2739,2025-03-16,42,13,46.0,1
2740,2025-03-16,47,14,36.0,1
2741,2025-03-16,16,4,36.0,1
2742,2025-01-22,10,3,45.0,1
2743,2025-01-22,41,13,36.0,3
2744,2024-12-16,9,2,39.0,1
2745,2024-12-16,22,6,41.0,1
2746,2024-12-16,40,13,36.0,1
2747,2025-03-04,10,3,38.0,1
2748,2025-02-10,28,8,41.0,2
2749,2025-05-02,10,3,43.0,4
2750,2025-05-02,10,3,36.0,1
2751,2025-05-02,16,4,36.0,1
2752,2024-12-16,7,2,46.0,1
2753,2024-12-16,38,12,41.0,1
2754,2025-03-02,24,7,42.0,1
2755,2024-12-12,7,2,36.0,1
2756,2025-04-25,12,3,42.0,1
2757,2025-03-17,11,3,41.0,1
2758,2025-03-17,12,3,43.0,1
2759,2025-04-29,8,2,38.0,1
2760,2025-01-13,12,3,39.0,1
2761,2025-01-13,32,10,38.0,1
2762,2025-01-13,24,7,39.0,1
2763,2025-02-27,15,4,41.0,1
2764,2025-03-26,47,14,41.0,1
2765,2025-03-26,7,2,41.0,1
2766,2025-03-26,3,1,39.0,1
2767,2025-03-26,27,8,39.0,1
2768,2025-02-21,37,12,42.0,1
2769,2025-02-21,29,9,37.0,1
2770,2024-12-19,6,2,40.0,1
2771,2024-12-19,11,3,38.0,1
2772,2024-12-19,13,3,41.0,1
2773,2024-12-09,24,7,36.0,1
2774,2024-12-09,9,2,42.0,1
2775,2025-03-08,25,7,39.0,4
2776,2025-03-08,24,7,38.0,1
2777,2025-03-08,23,7,39.0,1
2778,2025-03-08,10,3,39.0,1
2779,2025-03-08,23,7,40.0,1
2780,2025-03-08,18,5,40.0,1
2781,2025-03-08,27,8,39.0,1
2782,2025-03-08,20,5,39.0,1
2783,2025-03-08,30,9,40.0,1
2784,2025-03-08,23,7,36.0,1
2785,2025-03-08,10,3,36.0,1
2786,2025-03-08,3,1,39.0,1
2787,2025-03-08,4,1,40.0,1
2788,2025-03-08,21,6,37.0,1
2789,2025-03-08,25,7,42.0,1
2790,2025-03-08,41,13,42.0,1
2791,2025-05-02,19,5,43.0,1
2792,2025-05-02,9,2,36.0,1
2793,2025-05-02,42,13,36.0,1
2794,2025-05-02,16,4,37.0,1
2795,2025-01-19,32,10,40.0,1
2796,2025-01-31,23,7,36.0,1
2797,2025-02-10,29,9,46.0,1
2798,2025-01-12,39,12,36.0,1
2799,2025-03-24,19,5,38.0,1
2800,2025-03-24,30,9,36.0,1
2801,2025-03-24,7,2,37.0,1
2802,2025-05-02,10,3,37.0,1
2803,2025-05-02,10,3,37.0,1
2804,2025-05-02,13,3,40.0,1
2805,2025-02-08,20,5,38.0,1
2806,2025-02-08,19,5,42.0,1
2807,2025-02-08,29,9,41.0,2
2808,2025-02-08,13,3,38.0,1
2809,2025-04-11,29,9,41.0,1
2810,2025-04-11,36,11,42.0,1
2811,2025-04-11,22,6,37.0,1
2812,2025-04-11,16,4,36.0,1
2813,2025-03-18,8,2,44.0,1
2814,2025-03-18,27,8,39.0,1
2815,2025-03-18,21,6,38.0,1
2816,2025-04-16,10,3,40.0,1
2817,2025-04-16,7,2,37.0,1
2818,2025-04-16,39,12,40.0,1
2819,2025-04-16,9,2,37.0,1
2820,2025-01-22,41,13,36.0,1
2821,2025-01-22,28,8,37.0,1
2822,2025-01-22,27,8,42.0,1
2823,2025-01-31,13,3,41.0,1
2824,2025-01-09,6,2,40.0,1
2825,2025-01-09,34,11,43.0,1
2826,2025-01-09,2,1,40.0,1
2827,2025-01-09,6,2,40.0,1
2828,2025-04-14,4,1,38.0,1
2829,2025-04-14,26,8,39.0,1
2830,2025-04-14,9,2,40.0,1
2831,2025-04-14,7,2,39.0,1
2832,2025-04-25,7,2,38.0,1
2833,2025-02-20,14,4,42.0,1
2834,2025-05-03,4,1,38.0,4
2835,2025-05-03,11,3,41.0,1
2836,2025-05-03,28,8,42.0,1
2837,2025-02-13,4,1,43.0,1
2838,2025-02-13,17,4,41.0,1
2839,2025-04-24,6,2,39.0,1
2840,2025-04-24,41,13,45.0,1
2841,2025-04-24,19,5,37.0,1
2842,2025-03-25,31,9,40.0,1
2843,2025-03-25,34,11,38.0,1
2844,2025-03-25,24,7,39.0,1
2845,2025-03-25,10,3,39.0,1
2846,2025-03-05,24,7,40.0,1
2847,2025-03-05,14,4,39.0,4
2848,2025-03-05,53,15,43.0,1
2849,2025-01-12,32,10,38.0,1
2850,2025-01-12,39,12,38.0,1
2851,2025-01-12,34,11,41.0,1
2852,2025-01-22,23,7,39.0,1
2853,2025-01-22,20,5,37.0,1
2854,2024-12-12,23,7,41.0,1
2855,2024-12-12,10,3,41.0,1
2856,2025-03-29,6,2,36.0,1
2857,2025-03-29,1,1,41.0,1
2858,2025-03-29,40,13,42.0,1
2859,2025-03-29,3,1,45.0,1
2860,2025-05-01,6,2,37.0,3
2861,2025-05-01,10,3,41.0,1
2862,2025-05-01,12,3,43.0,1
2863,2025-05-01,11,3,37.0,1
2864,2024-12-12,19,5,40.0,1
2865,2024-12-12,40,13,42.0,1
2866,2024-12-12,5,2,43.0,1
2867,2025-04-09,41,13,36.0,1
2868,2025-04-09,16,4,38.0,1
2869,2025-01-11,4,1,36.0,1
2870,2025-01-11,23,7,38.0,1
2871,2025-01-11,22,6,46.0,1
2872,2025-01-05,21,6,42.0,1
2873,2025-01-05,1,1,42.0,1
2874,2025-01-05,28,8,38.0,1
2875,2025-04-14,48,14,40.0,1
2876,2025-02-01,34,11,43.0,1
2877,2025-02-01,15,4,40.0,1
2878,2025-02-01,13,3,39.0,1
2879,2025-02-01,13,3,44.0,1
2880,2024-12-25,21,6,40.0,1
2881,2024-12-25,24,7,43.0,1
2882,2025-02-13,31,9,39.0,1
2883,2024-12-27,49,14,42.0,1
2884,2024-12-27,28,8,40.0,1
2885,2024-12-27,17,4,36.0,1
2886,2025-01-20,16,4,40.0,1
2887,2025-01-20,17,4,41.0,1
2888,2025-01-20,4,1,42.0,1
2889,2025-01-20,18,5,39.0,1
2890,2025-03-14,23,7,36.0,1
2891,2025-03-14,43,13,46.0,1
2892,2025-03-14,14,4,36.0,1
2893,2025-03-10,7,2,36.0,1
2894,2025-03-10,40,13,37.0,1
2895,2025-03-10,12,3,37.0,1
2896,2025-03-10,32,10,37.0,1
2897,2025-03-23,29,9,43.0,1
2898,2025-03-07,35,11,38.0,1
2899,2025-04-17,34,11,36.0,1
2900,2025-04-17,13,3,36.0,1
2901,2025-02-22,49,14,39.0,1
2902,2025-02-22,49,14,43.0,1
2903,2025-03-12,38,12,38.0,1
2904,2025-03-15,25,7,38.0,1
2905,2025-03-15,12,3,40.0,1
2906,2025-03-25,3,1,37.0,1
2907,2025-03-25,1,1,42.0,1
2908,2025-03-25,10,3,38.0,1
2909,2025-02-21,26,8,38.0,1
2910,2025-02-21,12,3,41.0,1
2911,2025-02-21,29,9,36.0,1
2912,2025-02-21,38,12,40.0,1
2913,2025-01-01,20,5,40.0,1
2914,2025-02-24,19,5,38.0,1
2915,2025-02-24,35,11,36.0,1
2916,2025-02-24,13,3,42.0,1
2917,2025-04-28,26,8,40.0,4
2918,2025-02-21,37,12,36.0,1
2919,2025-02-11,50,15,38.0,1
2920,2025-02-11,22,6,39.0,1
2921,2025-01-16,11,3,37.0,1
2922,2025-01-16,19,5,38.0,3
2923,2025-01-16,52,15,36.0,1
2924,2025-01-07,52,15,43.0,1
2925,2025-01-07,9,2,45.0,1
2926,2025-01-07,26,8,40.0,1
2927,2025-01-07,18,5,41.0,1
2928,2025-02-04,29,9,44.0,1
2929,2025-02-04,3,1,42.0,1
2930,2025-02-04,5,2,36.0,1
2931,2025-02-04,33,10,38.0,1
2932,2025-04-30,15,4,40.0,1
2933,2025-04-30,3,1,39.0,1
2934,2025-04-30,19,5,38.0,1
2935,2025-03-11,26,8,38.0,1
2936,2025-03-11,6,2,37.0,1
2937,2025-03-11,31,9,40.0,1
2938,2025-01-22,32,10,40.0,1
2939,2025-01-22,51,15,36.0,1
2940,2025-01-22,22,6,36.0,1
2941,2025-02-06,5,2,41.0,1
2942,2025-02-06,3,1,40.0,1
2943,2025-02-06,21,6,39.0,1
2944,2025-02-06,18,5,37.0,1
2945,2025-02-06,2,1,42.0,1
2946,2025-02-06,26,8,39.0,1
2947,2025-02-06,20,5,41.0,1
2948,2025-02-06,7,2,41.0,1
2949,2025-02-06,29,9,36.0,1
2950,2025-02-06,14,4,41.0,1
2951,2025-02-06,10,3,40.0,1
2952,2025-02-06,32,10,40.0,1
2953,2025-02-06,52,15,41.0,1
2954,2025-02-06,7,2,40.0,1
2955,2025-02-06,14,4,41.0,1
2956,2025-02-06,2,1,38.0,1
2957,2025-01-31,12,3,41.0,1
2958,2024-12-23,26,8,39.0,1
2959,2024-12-23,17,4,37.0,1
2960,2025-04-22,10,3,42.0,1
2961,2025-04-22,40,13,40.0,1
2962,2025-04-22,39,12,45.0,1
2963,2025-03-30,52,15,44.0,1
2964,2025-03-30,19,5,43.0,1
2965,2024-12-14,35,11,36.0,1
2966,2024-12-14,11,3,36.0,1
2967,2024-12-14,17,4,36.0,1
2968,2024-12-14,8,2,37.0,1
2969,2025-04-08,8,2,39.0,1
2970,2025-04-08,3,1,42.0,1
2971,2025-04-08,27,8,42.0,1
2972,2025-03-30,4,1,41.0,1
2973,2025-03-30,47,14,43.0,1
2974,2025-03-30,14,4,38.0,2
2975,2025-02-24,48,14,38.0,1
2976,2025-04-11,17,4,45.0,1
2977,2025-04-11,21,6,39.0,1
2978,2025-04-11,26,8,38.0,1
2979,2025-04-11,9,2,44.0,1
2980,2025-04-06,7,2,37.0,1
2981,2025-04-06,10,3,39.0,1
2982,2025-04-06,7,2,37.0,1
2983,2025-01-25,14,4,44.0,2
2984,2025-01-25,27,8,41.0,1
2985,2025-01-25,12,3,39.0,1
2986,2025-01-25,15,4,36.0,1
2987,2025-04-30,51,15,41.0,1
2988,2025-04-30,26,8,38.0,1
2989,2024-12-30,4,1,41.0,1
2990,2025-03-20,4,1,44.0,1
2991,2025-03-20,5,2,38.0,1
2992,2025-03-20,29,9,38.0,1
2993,2025-04-07,9,2,41.0,1
2994,2025-04-07,10,3,38.0,1
2995,2025-04-07,18,5,39.0,1
2996,2025-04-07,17,4,39.0,1
2997,2025-04-07,2,1,42.0,1
2998,2025-04-07,36,11,39.0,1
2999,2025-04-07,12,3,46.0,1
3000,2025-04-07,4,1,44.0,1
3001,2025-04-07,17,4,36.0,1
3002,2025-04-07,33,10,36.0,1
3003,2025-04-07,27,8,40.0,1
3004,2025-04-07,10,3,42.0,1
3005,2025-04-07,43,13,40.0,1
3006,2025-04-07,28,8,41.0,1
3007,2025-04-07,33,10,38.0,1
3008,2025-04-07,25,7,40.0,1
3009,2025-04-08,18,5,39.0,1
3010,2025-04-08,6,2,36.0,1
3011,2024-12-13,25,7,46.0,1
3012,2024-12-13,4,1,37.0,1
3013,2024-12-13,6,2,43.0,1
3014,2024-12-13,23,7,39.0,1
3015,2025-04-06,29,9,38.0,1
3016,2025-04-06,24,7,36.0,1
3017,2025-04-06,25,7,38.0,1
3018,2025-04-06,28,8,43.0,1
3019,2025-01-12,8,2,42.0,1
3020,2025-01-12,5,2,41.0,1
3021,2025-01-12,51,15,40.0,1
3022,2025-01-16,28,8,42.0,1
3023,2025-01-16,12,3,37.0,1
3024,2025-01-16,38,12,40.0,1
3025,2025-02-10,1,1,37.0,1
3026,2025-02-10,7,2,42.0,1
3027,2025-02-10,7,2,36.0,1
3028,2025-02-14,8,2,41.0,1
3029,2024-12-23,30,9,41.0,1
3030,2024-12-23,1,1,40.0,1
3031,2024-12-23,2,1,38.0,1
3032,2025-04-22,19,5,38.0,2
3033,2024-12-18,22,6,36.0,1
3034,2024-12-18,14,4,36.0,1
3035,2024-12-18,12,3,40.0,1
3036,2024-12-18,2,1,37.0,1
3037,2025-03-31,16,4,38.0,1
3038,2025-03-31,38,12,46.0,1
3039,2025-02-12,11,3,40.0,1
3040,2025-02-12,30,9,37.0,1
3041,2025-02-12,22,6,37.0,1
3042,2025-02-12,9,2,41.0,1
3043,2024-12-31,3,1,46.0,1
3044,2024-12-31,35,11,39.0,3
3045,2024-12-31,22,6,37.0,1
3046,2024-12-23,38,12,39.0,4
3047,2025-04-17,8,2,36.0,1
3048,2025-04-17,39,12,36.0,1
3049,2025-04-17,22,6,36.0,1
3050,2025-04-17,2,1,39.0,1
3051,2025-04-10,14,4,38.0,1
3052,2025-04-10,25,7,39.0,1
3053,2025-04-10,6,2,37.0,1
3054,2025-01-12,34,11,37.0,1
3055,2025-01-12,38,12,40.0,1
3056,2025-01-12,17,4,37.0,1
3057,2025-01-12,5,2,37.0,1
3058,2025-05-02,47,14,45.0,2
3059,2025-05-02,20,5,38.0,1
3060,2025-05-02,24,7,36.0,1
3061,2025-05-02,46,14,36.0,1
3062,2025-04-29,18,5,37.0,1
3063,2025-04-29,17,4,37.0,1
3064,2025-01-21,14,4,41.0,1
3065,2025-01-21,15,4,40.0,1
3066,2025-02-08,29,9,42.0,1
3067,2025-01-10,34,11,41.0,1
3068,2025-01-10,51,15,39.0,1
3069,2024-12-25,26,8,42.0,1
3070,2025-01-23,18,5,40.0,1
3071,2025-01-23,26,8,37.0,1
3072,2025-01-23,15,4,36.0,1
3073,2024-12-15,28,8,37.0,1
3074,2024-12-11,19,5,39.0,1
3075,2024-12-11,16,4,40.0,1
3076,2024-12-11,11,3,38.0,1
3077,2025-03-21,2,1,36.0,1
3078,2025-03-21,7,2,41.0,1
3079,2024-12-27,53,15,39.0,1
3080,2024-12-27,28,8,38.0,1
3081,2024-12-27,23,7,45.0,1
3082,2025-03-08,26,8,41.0,1
3083,2025-03-08,38,12,43.0,1
3084,2025-03-08,48,14,43.0,1
3085,2025-03-08,29,9,37.0,1
3086,2025-01-15,18,5,41.0,1
3087,2025-01-15,16,4,37.0,1
3088,2025-01-15,12,3,36.0,1
3089,2025-01-16,9,2,42.0,1
3090,2025-01-16,25,7,40.0,1
3091,2025-01-16,24,7,39.0,1
3092,2024-12-26,4,1,41.0,1
3093,2025-05-06,1,1,37.0,1
3094,2025-05-06,19,5,43.0,1
3095,2025-05-06,7,2,36.0,1
3096,2025-05-06,24,7,42.0,1
3097,2024-12-09,25,7,41.0,1
3098,2025-01-03,33,10,37.0,1
3099,2025-01-03,13,3,38.0,1
3100,2025-03-21,49,14,39.0,1
3101,2025-03-21,9,2,39.0,1
3102,2025-03-21,12,3,37.0,1
3103,2025-03-21,12,3,42.0,1
3104,2024-12-28,13,3,36.0,1
3105,2024-12-28,4,1,42.0,1
3106,2024-12-28,46,14,38.0,1
3107,2025-05-04,17,4,40.0,1
3108,2025-05-04,21,6,41.0,1
3109,2025-05-04,46,14,37.0,1
3110,2024-12-23,29,9,38.0,1
3111,2024-12-23,53,15,42.0,1
3112,2025-02-02,12,3,45.0,1
3113,2025-02-02,25,7,42.0,1
3114,2025-02-02,23,7,37.0,1
3115,2025-04-01,10,3,40.0,1
3116,2025-04-01,37,12,38.0,1
3117,2025-04-01,13,3,39.0,4
3118,2025-04-30,15,4,40.0,1
3119,2025-04-30,7,2,38.0,1
3120,2025-04-30,13,3,37.0,1
3121,2024-12-30,6,2,36.0,1
3122,2024-12-30,21,6,41.0,1
3123,2024-12-30,11,3,41.0,1
3124,2024-12-30,15,4,36.0,1
3125,2025-02-26,43,13,39.0,2
3126,2025-02-26,21,6,41.0,1
3127,2025-02-19,52,15,39.0,1
3128,2025-03-14,9,2,36.0,1
3129,2025-03-14,48,14,37.0,1
3130,2025-03-14,9,2,42.0,1
3131,2025-03-25,2,1,36.0,1
3132,2025-03-25,12,3,46.0,1
3133,2025-03-25,9,2,38.0,1
3134,2025-02-27,16,4,36.0,1
3135,2025-02-27,12,3,38.0,1
3136,2025-02-27,19,5,42.0,1
3137,2025-02-27,22,6,36.0,1
3138,2025-02-25,27,8,40.0,1
3139,2025-02-25,5,2,39.0,1
3140,2025-03-14,6,2,36.0,1
3141,2025-03-14,18,5,39.0,1
3142,2025-03-14,7,2,36.0,1
3143,2025-03-14,12,3,44.0,1
3144,2025-01-28,13,3,44.0,1
3145,2025-01-28,11,3,37.0,1
3146,2025-01-28,43,13,39.0,1
3147,2025-01-28,37,12,37.0,1
3148,2025-01-23,2,1,39.0,1
3149,2025-01-23,6,2,39.0,1
3150,2025-01-23,11,3,42.0,1
3151,2025-01-04,49,14,38.0,1
3152,2025-01-04,23,7,39.0,1
3153,2025-01-04,1,1,38.0,4
3154,2025-01-04,5,2,37.0,1
3155,2025-03-04,4,1,42.0,1
3156,2025-04-21,2,1,38.0,1
3157,2025-04-21,23,7,45.0,1
3158,2024-12-11,9,2,37.0,1
3159,2024-12-11,34,11,40.0,1
3160,2024-12-11,26,8,36.0,1
3161,2025-01-05,20,5,39.0,1
3162,2025-01-05,13,3,42.0,1
3163,2025-02-02,17,4,40.0,4
3164,2025-02-02,4,1,38.0,1
3165,2025-02-02,28,8,36.0,1
3166,2025-02-02,30,9,38.0,1
3167,2025-02-23,42,13,37.0,1
3168,2025-04-07,10,3,41.0,1
3169,2025-04-07,13,3,39.0,1
3170,2025-04-07,33,10,40.0,1
3171,2025-04-07,17,4,39.0,1
3172,2025-04-07,14,4,38.0,1
3173,2025-04-07,28,8,42.0,1
3174,2025-04-07,11,3,38.0,1
3175,2025-04-07,8,2,43.0,1
3176,2025-04-07,25,7,45.0,1
3177,2025-04-07,51,15,42.0,1
3178,2025-04-07,14,4,39.0,1
3179,2025-04-07,40,13,36.0,1
3180,2025-04-07,11,3,36.0,1
3181,2025-04-07,24,7,41.0,1
3182,2025-04-07,22,6,39.0,1
3183,2025-04-07,20,5,37.0,1
3184,2025-04-08,51,15,38.0,1
3185,2024-12-13,4,1,43.0,1
3186,2025-03-10,20,5,37.0,1
3187,2025-03-10,25,7,39.0,1
3188,2025-03-10,49,14,42.0,1
3189,2025-04-25,21,6,38.0,1
3190,2024-12-28,14,4,42.0,1
3191,2024-12-28,17,4,42.0,1
3192,2024-12-28,31,9,40.0,1
3193,2025-02-07,1,1,36.0,1
3194,2025-02-07,10,3,38.0,1
3195,2025-02-07,25,7,36.0,1
3196,2024-12-10,8,2,40.0,4
3197,2024-12-10,23,7,37.0,1
3198,2024-12-10,26,8,42.0,1
3199,2025-02-19,36,11,39.0,1
3200,2025-02-19,38,12,36.0,1
3201,2025-01-03,34,11,40.0,1
3202,2025-01-03,13,3,36.0,1
3203,2025-01-03,16,4,39.0,1
3204,2025-01-03,36,11,36.0,1
3205,2025-03-07,12,3,38.0,1
3206,2025-03-07,53,15,42.0,1
3207,2025-03-24,39,12,36.0,1
3208,2025-03-24,52,15,42.0,1
3209,2025-05-05,19,5,39.0,1
3210,2025-05-05,7,2,41.0,1
3211,2025-03-18,30,9,45.0,1
3212,2025-03-18,38,12,39.0,1
3213,2025-03-18,32,10,40.0,1
3214,2025-02-02,11,3,43.0,1
3215,2025-02-02,16,4,36.0,1
3216,2025-02-02,26,8,38.0,1
3217,2025-03-12,41,13,36.0,1
3218,2025-03-12,26,8,39.0,1
3219,2025-03-12,26,8,39.0,1
3220,2025-03-12,6,2,40.0,1
3221,2025-01-27,16,4,36.0,1
3222,2025-01-27,23,7,38.0,1
3223,2025-05-01,8,2,41.0,1
3224,2025-05-01,13,3,39.0,1
3225,2024-12-19,19,5,40.0,1
3226,2024-12-19,27,8,38.0,1
3227,2024-12-19,4,1,42.0,1
3228,2024-12-19,29,9,40.0,1
3229,2024-12-24,23,7,39.0,1
3230,2024-12-24,5,2,40.0,1
3231,2024-12-24,35,11,42.0,1
3232,2025-04-05,5,2,37.0,1
3233,2025-01-10,12,3,40.0,1
3234,2025-01-10,7,2,37.0,1
3235,2025-04-13,27,8,44.0,1
3236,2025-04-13,26,8,37.0,1
3237,2025-04-13,16,4,37.0,1
3238,2025-04-17,8,2,37.0,1
3239,2025-01-30,28,8,42.0,1
3240,2025-01-30,16,4,42.0,1
3241,2025-01-30,14,4,44.0,1
3242,2025-03-28,53,15,37.0,1
3243,2025-04-12,31,9,36.0,1
3244,2025-04-12,13,3,36.0,1
3245,2025-04-12,22,6,42.0,1
3246,2025-03-16,34,11,41.0,1
3247,2025-03-16,20,5,40.0,1
3248,2025-03-16,35,11,38.0,1
3249,2025-03-16,52,15,39.0,1
3250,2025-04-29,7,2,44.0,1
3251,2025-04-28,20,5,37.0,1
3252,2025-04-28,8,2,42.0,1
3253,2025-04-28,25,7,39.0,1
3254,2025-03-15,16,4,36.0,1
3255,2025-03-15,23,7,37.0,1
3256,2025-03-15,18,5,38.0,3
3257,2025-03-15,48,14,37.0,1
3258,2025-01-29,24,7,38.0,3
3259,2025-01-29,4,1,45.0,1
3260,2025-01-29,28,8,37.0,1
3261,2025-01-04,15,4,45.0,1
3262,2025-01-04,12,3,39.0,1
3263,2025-02-10,9,2,36.0,1
3264,2025-02-10,26,8,46.0,1
3265,2025-04-18,1,1,42.0,1
3266,2025-01-16,2,1,38.0,1
3267,2025-01-16,11,3,37.0,1
3268,2025-01-16,10,3,43.0,1
3269,2025-01-15,2,1,36.0,1
3270,2025-01-15,18,5,38.0,1
3271,2025-01-15,24,7,38.0,1
3272,2025-01-13,6,2,36.0,4
3273,2025-01-13,7,2,39.0,1
3274,2025-02-10,29,9,41.0,1
3275,2025-03-29,21,6,38.0,1
3276,2025-02-20,28,8,36.0,1
3277,2025-02-20,36,11,38.0,1
3278,2025-02-20,5,2,36.0,1
3279,2025-03-18,1,1,38.0,1
3280,2025-03-18,30,9,39.0,1
3281,2025-03-18,7,2,36.0,1
3282,2025-02-27,7,2,42.0,1
3283,2025-04-26,8,2,42.0,1
3284,2024-12-27,35,11,37.0,1
3285,2024-12-27,28,8,42.0,1
3286,2024-12-27,46,14,36.0,1
3287,2024-12-27,40,13,45.0,1
3288,2025-03-04,36,11,40.0,1
3289,2025-03-07,6,2,40.0,1
3290,2025-03-07,12,3,41.0,1
3291,2025-03-07,6,2,42.0,1
3292,2025-03-07,38,12,40.0,1
3293,2025-02-23,9,2,42.0,1
3294,2025-03-15,11,3,42.0,1
3295,2025-01-20,28,8,38.0,1
3296,2025-01-20,16,4,36.0,1
3297,2025-05-03,52,15,41.0,1
3298,2025-05-03,14,4,39.0,1
3299,2025-02-12,8,2,43.0,1
3300,2025-02-12,12,3,36.0,1
3301,2024-12-17,18,5,42.0,1
3302,2024-12-17,47,14,37.0,1
3303,2024-12-17,8,2,39.0,1
3304,2025-04-06,13,3,37.0,1
3305,2025-04-06,19,5,37.0,1
3306,2024-12-15,18,5,38.0,1
3307,2024-12-15,22,6,42.0,1
3308,2025-02-18,23,7,41.0,1
3309,2025-02-18,6,2,40.0,1
3310,2025-02-18,26,8,42.0,1
3311,2025-02-14,14,4,40.0,1
3312,2025-04-25,49,14,42.0,1
3313,2025-04-25,28,8,38.0,1
3314,2025-04-25,8,2,41.0,1
3315,2025-04-25,33,10,36.0,1
3316,2025-04-08,13,3,39.0,1
3317,2025-04-08,39,12,37.0,1
3318,2025-04-08,1,1,43.0,1
3319,2025-04-08,49,14,37.0,1
3320,2025-03-02,29,9,41.0,1
3321,2025-03-02,5,2,45.0,1
3322,2025-03-02,25,7,41.0,1
3323,2025-04-04,22,6,42.0,1
3324,2025-04-04,30,9,37.0,1
3325,2025-04-07,8,2,39.0,1
3326,2025-04-07,36,11,42.0,1
3327,2025-04-07,25,7,42.0,4
3328,2025-04-07,9,2,36.0,1
3329,2025-04-07,31,9,43.0,1
3330,2025-04-07,31,9,36.0,1
3331,2025-04-07,12,3,37.0,1
3332,2025-04-07,29,9,38.0,1
3333,2025-02-24,5,2,38.0,1
3334,2025-02-24,24,7,41.0,1
3335,2025-02-24,5,2,40.0,1
3336,2025-02-24,51,15,39.0,1
3337,2025-03-26,27,8,42.0,1
3338,2025-03-26,28,8,41.0,1
3339,2025-03-26,9,2,42.0,1
3340,2025-01-23,46,14,42.0,1
3341,2025-01-23,12,3,41.0,1
3342,2025-01-23,17,4,42.0,1
3343,2025-01-23,31,9,37.0,1
3344,2025-02-01,26,8,36.0,1
3345,2025-02-01,30,9,37.0,1
3346,2025-02-01,2,1,38.0,1
3347,2025-02-01,38,12,39.0,4
3348,2025-01-06,9,2,41.0,1
3349,2025-01-06,25,7,44.0,1
3350,2025-01-06,21,6,37.0,1
3351,2025-01-06,3,1,42.0,3
3352,2025-02-19,3,1,36.0,1
3353,2025-02-19,39,12,36.0,1
3354,2025-02-19,8,2,42.0,1
3355,2025-04-27,29,9,39.0,1
3356,2025-04-27,17,4,40.0,1
3357,2025-02-10,53,15,40.0,1
3358,2025-01-21,13,3,40.0,1
3359,2025-01-17,25,7,36.0,1
3360,2025-01-17,3,1,37.0,1
3361,2025-01-17,6,2,39.0,1
3362,2025-01-17,24,7,42.0,1
3363,2025-02-07,17,4,42.0,1
3364,2025-02-07,5,2,39.0,1
3365,2025-02-07,35,11,41.0,1
3366,2025-03-07,20,5,39.0,1
3367,2025-03-07,9,2,43.0,1
3368,2024-12-10,29,9,37.0,1
3369,2024-12-10,32,10,38.0,1
3370,2024-12-10,15,4,45.0,1
3371,2025-01-17,14,4,37.0,1
3372,2025-01-17,28,8,43.0,1
3373,2025-01-17,14,4,41.0,1
3374,2025-01-17,16,4,39.0,1
3375,2025-04-08,13,3,44.0,1
3376,2025-04-11,16,4,38.0,1
3377,2025-02-17,20,5,37.0,1
3378,2025-02-17,29,9,42.0,1
3379,2025-02-19,19,5,37.0,1
3380,2024-12-30,19,5,46.0,1
3381,2024-12-30,13,3,39.0,1
3382,2024-12-30,18,5,39.0,1
3383,2025-04-09,19,5,37.0,4
3384,2025-04-09,2,1,38.0,1
3385,2025-04-09,24,7,41.0,1
3386,2025-04-09,28,8,39.0,1
3387,2025-02-14,22,6,41.0,1
3388,2025-02-14,18,5,37.0,1
3389,2025-02-14,27,8,44.0,1
3390,2025-02-14,14,4,42.0,1
3391,2025-03-09,19,5,36.0,1
3392,2025-03-09,29,9,41.0,1
3393,2025-03-09,27,8,42.0,1
3394,2025-03-09,4,1,42.0,1
3395,2025-03-16,18,5,38.0,4
3396,2025-03-16,40,13,41.0,1
3397,2025-03-16,14,4,40.0,1
3398,2024-12-27,16,4,39.0,1
3399,2025-04-07,39,12,39.0,1
3400,2025-04-07,52,15,40.0,1
3401,2025-04-07,21,6,37.0,1
3402,2025-04-07,27,8,38.0,1
3403,2025-04-07,10,3,37.0,1
3404,2025-04-07,13,3,38.0,1
3405,2025-04-07,18,5,38.0,1
3406,2025-04-07,26,8,39.0,1
3407,2025-04-07,21,6,36.0,1
3408,2025-04-07,40,13,37.0,1
3409,2025-04-07,15,4,36.0,1
3410,2025-04-07,13,3,36.0,1
3411,2025-04-07,28,8,37.0,1
3412,2025-04-07,8,2,39.0,1
3413,2025-04-07,3,1,44.0,1
3414,2025-04-07,22,6,46.0,1
3415,2025-03-24,29,9,43.0,2
3416,2025-03-24,50,15,40.0,1
3417,2025-03-24,41,13,37.0,1
3418,2024-12-21,39,12,38.0,1
3419,2025-02-16,46,14,42.0,1
3420,2025-02-16,22,6,39.0,1
3421,2025-02-16,21,6,42.0,1
3422,2025-04-18,17,4,45.0,2
3423,2025-04-18,50,15,43.0,1
3424,2025-04-18,15,4,41.0,1
3425,2025-01-31,32,10,37.0,1
3426,2025-01-31,5,2,37.0,1
3427,2025-01-31,15,4,38.0,1
3428,2025-02-27,16,4,39.0,1
3429,2025-02-27,20,5,46.0,1
3430,2024-12-23,18,5,41.0,1
3431,2024-12-23,1,1,40.0,1
3432,2024-12-23,18,5,40.0,1
3433,2024-12-23,17,4,36.0,1
3434,2024-12-11,5,2,41.0,1
3435,2024-12-11,25,7,45.0,1
3436,2024-12-11,27,8,41.0,2
3437,2024-12-11,11,3,41.0,1
3438,2025-03-15,8,2,39.0,1
3439,2025-03-15,3,1,41.0,1
3440,2025-03-15,9,2,43.0,1
3441,2025-02-28,13,3,36.0,1
3442,2025-02-28,9,2,37.0,1
3443,2025-02-28,27,8,37.0,1
3444,2025-02-28,9,2,37.0,1
3445,2024-12-29,38,12,43.0,1
3446,2024-12-29,8,2,38.0,1
3447,2024-12-29,8,2,36.0,1
3448,2024-12-29,5,2,42.0,1
3449,2025-01-22,36,11,42.0,1
3450,2025-05-03,21,6,40.0,1
3451,2025-05-03,11,3,37.0,1
3452,2025-05-03,16,4,38.0,1
3453,2025-05-03,24,7,42.0,1
3454,2025-03-25,20,5,38.0,1
3455,2025-03-25,29,9,37.0,1
3456,2025-03-25,4,1,41.0,1
3457,2024-12-16,19,5,39.0,1
3458,2024-12-16,21,6,39.0,1
3459,2024-12-16,46,14,37.0,1
3460,2025-03-21,26,8,43.0,1
3461,2025-03-08,50,15,45.0,1
3462,2025-03-08,9,2,37.0,1
3463,2025-03-08,16,4,43.0,1
3464,2025-03-08,30,9,43.0,1
3465,2025-03-08,18,5,40.0,1
3466,2025-03-08,12,3,37.0,1
3467,2025-03-08,37,12,40.0,1
3468,2025-03-08,46,14,42.0,4
3469,2025-03-08,19,5,38.0,1
3470,2025-03-08,26,8,36.0,1
3471,2025-03-08,11,3,37.0,1
3472,2025-03-08,32,10,36.0,1
3473,2025-03-08,19,5,39.0,1
3474,2025-03-08,21,6,37.0,1
3475,2025-03-08,6,2,39.0,1
3476,2025-03-08,13,3,41.0,1
3477,2025-03-03,11,3,44.0,1
3478,2025-02-22,22,6,43.0,1
3479,2025-02-22,7,2,39.0,1
3480,2024-12-16,23,7,42.0,1
3481,2024-12-29,15,4,40.0,1
3482,2024-12-29,24,7,40.0,1
3483,2025-03-08,9,2,43.0,1
3484,2025-03-08,11,3,41.0,1
3485,2025-03-08,5,2,37.0,1
3486,2025-03-08,3,1,41.0,2
3487,2025-03-08,14,4,36.0,1
3488,2025-03-08,3,1,44.0,1
3489,2025-03-08,2,1,42.0,1
3490,2025-03-08,8,2,38.0,1
3491,2025-03-08,6,2,41.0,1
3492,2025-03-08,8,2,41.0,1
3493,2025-03-08,20,5,36.0,1
3494,2025-03-08,32,10,38.0,1
3495,2025-01-13,7,2,39.0,1
3496,2025-01-13,50,15,39.0,1
3497,2025-05-05,11,3,40.0,1
3498,2025-05-05,14,4,36.0,3
3499,2025-02-23,1,1,36.0,1
3500,2025-03-23,48,14,43.0,1
3501,2025-03-23,17,4,38.0,1
3502,2025-03-23,27,8,37.0,1
3503,2025-03-23,19,5,38.0,1
3504,2025-05-03,23,7,39.0,1
3505,2025-05-03,30,9,45.0,1
3506,2025-05-03,5,2,38.0,1
3507,2025-04-29,5,2,36.0,2
3508,2025-03-19,40,13,40.0,1
3509,2025-03-19,20,5,40.0,1
3510,2025-04-22,28,8,37.0,1
3511,2025-04-22,20,5,38.0,1
3512,2025-04-22,9,2,41.0,1
3513,2025-04-22,21,6,39.0,4
3514,2025-03-11,46,14,44.0,1
3515,2025-03-11,17,4,36.0,1
3516,2025-03-11,11,3,37.0,1
3517,2025-02-04,23,7,39.0,1
3518,2025-04-29,43,13,42.0,1
3519,2025-04-29,6,2,39.0,1
3520,2024-12-15,51,15,36.0,2
3521,2024-12-15,18,5,39.0,1
3522,2025-03-21,5,2,41.0,1
3523,2025-03-24,27,8,41.0,1
3524,2025-03-24,25,7,46.0,1
3525,2025-03-24,9,2,38.0,1
3526,2025-01-26,16,4,38.0,1
3527,2025-04-19,14,4,38.0,1
3528,2025-04-19,18,5,43.0,1
3529,2025-04-19,1,1,40.0,1
3530,2025-03-07,21,6,37.0,1
3531,2025-03-28,30,9,36.0,1
3532,2025-03-28,22,6,43.0,1
3533,2025-03-28,3,1,44.0,1
3534,2025-01-17,11,3,42.0,1
3535,2025-02-15,14,4,40.0,1
3536,2025-04-03,23,7,37.0,1
3537,2025-04-03,24,7,40.0,1
3538,2025-04-03,26,8,36.0,1
3539,2025-04-03,14,4,45.0,1
3540,2025-01-05,14,4,39.0,1
3541,2025-04-16,3,1,37.0,1
3542,2025-04-16,1,1,37.0,1
3543,2025-04-16,11,3,39.0,1
3544,2025-04-16,16,4,39.0,1
3545,2025-03-18,15,4,37.0,1
3546,2025-03-18,12,3,40.0,1
3547,2025-03-18,23,7,43.0,1
3548,2025-03-18,24,7,39.0,1
3549,2025-05-03,33,10,41.0,2
3550,2025-05-03,20,5,37.0,1
3551,2025-05-03,25,7,36.0,1
3552,2025-05-03,20,5,44.0,3
3553,2024-12-27,10,3,36.0,1
3554,2024-12-27,19,5,41.0,1
3555,2024-12-27,12,3,45.0,1
3556,2024-12-27,23,7,37.0,1
3557,2025-01-11,25,7,40.0,1
3558,2025-03-25,9,2,37.0,1
3559,2025-03-25,22,6,38.0,1
3560,2025-03-25,24,7,42.0,1
3561,2024-12-21,5,2,40.0,1
3562,2024-12-21,5,2,37.0,1
3563,2025-02-22,5,2,42.0,1
3564,2025-02-22,28,8,42.0,1
3565,2025-02-22,10,3,39.0,1
3566,2025-02-22,8,2,44.0,1
3567,2025-01-04,29,9,37.0,1
3568,2025-01-04,14,4,45.0,1
3569,2025-03-23,20,5,40.0,1
3570,2024-12-20,28,8,40.0,1
3571,2024-12-20,42,13,43.0,1
3572,2024-12-20,35,11,42.0,1
3573,2024-12-20,23,7,36.0,1
3574,2024-12-08,6,2,37.0,1
3575,2024-12-08,21,6,44.0,1
3576,2024-12-08,12,3,37.0,1
3577,2025-05-06,9,2,40.0,1
3578,2025-05-06,51,15,41.0,1
3579,2025-03-13,43,13,36.0,1
3580,2025-03-13,19,5,40.0,1
3581,2025-03-21,16,4,38.0,4
3582,2025-03-21,27,8,45.0,1
3583,2025-03-21,8,2,37.0,1
3584,2025-04-06,33,10,44.0,1
3585,2025-01-04,22,6,46.0,1
3586,2025-01-04,14,4,44.0,1
3587,2025-01-04,9,2,38.0,1
3588,2025-01-04,35,11,40.0,2
3589,2025-03-09,26,8,38.0,1
3590,2025-03-09,4,1,36.0,1
3591,2025-03-09,22,6,37.0,1
3592,2025-03-09,6,2,37.0,1
3593,2025-03-09,31,9,37.0,1
3594,2025-03-09,2,1,36.0,1
3595,2025-03-09,3,1,38.0,1
3596,2025-03-09,23,7,39.0,1
3597,2025-01-04,28,8,41.0,1
3598,2025-03-11,16,4,38.0,1
3599,2025-03-11,7,2,38.0,1
3600,2024-12-14,23,7,41.0,1
3601,2024-12-14,24,7,36.0,1
3602,2024-12-14,34,11,41.0,1
3603,2025-01-22,6,2,41.0,1
3604,2025-01-22,15,4,44.0,2
3605,2025-01-22,38,12,36.0,1
3606,2025-01-28,38,12,41.0,1
3607,2025-01-28,26,8,41.0,1
3608,2025-03-07,52,15,40.0,1
3609,2025-03-07,38,12,38.0,1
3610,2025-04-19,32,10,41.0,1
3611,2025-04-19,19,5,36.0,1
3612,2025-01-01,46,14,43.0,1
3613,2025-01-01,52,15,36.0,1
3614,2025-03-28,19,5,40.0,1
3615,2025-01-01,7,2,40.0,1
3616,2025-01-01,3,1,39.0,1
3617,2025-01-01,40,13,41.0,1
3618,2025-04-02,19,5,38.0,1
3619,2025-02-18,28,8,37.0,2
3620,2025-04-11,12,3,40.0,1
3621,2025-04-11,7,2,36.0,1
3622,2025-04-11,8,2,40.0,1
3623,2024-12-20,24,7,42.0,1
3624,2024-12-20,25,7,41.0,1
3625,2024-12-20,42,13,39.0,1
3626,2024-12-20,5,2,36.0,1
3627,2024-12-21,22,6,41.0,1
3628,2025-04-29,16,4,39.0,1
3629,2025-02-13,8,2,41.0,1
3630,2025-02-13,9,2,40.0,1
3631,2025-01-22,26,8,39.0,1
3632,2025-01-22,46,14,41.0,1
3633,2025-01-22,53,15,36.0,1
3634,2025-01-05,25,7,38.0,1
3635,2024-12-19,12,3,39.0,1
3636,2024-12-19,10,3,41.0,1
3637,2025-01-01,18,5,37.0,1
3638,2025-01-01,29,9,38.0,1
3639,2025-01-01,33,10,39.0,1
3640,2024-12-26,6,2,39.0,1
3641,2025-03-09,11,3,38.0,1
3642,2025-03-09,20,5,39.0,1
3643,2025-02-01,49,14,39.0,1
3644,2025-02-01,12,3,43.0,1
3645,2025-03-21,22,6,36.0,1
3646,2025-03-21,4,1,41.0,1
3647,2025-03-21,28,8,38.0,1
3648,2025-03-12,16,4,39.0,1
3649,2025-03-12,24,7,38.0,1
3650,2025-03-12,22,6,41.0,4
3651,2025-03-12,8,2,41.0,1
3652,2025-03-13,27,8,37.0,1
3653,2025-03-13,12,3,41.0,1
3654,2025-03-13,27,8,41.0,1
3655,2025-03-13,1,1,41.0,1
3656,2025-03-30,13,3,39.0,1
3657,2025-03-30,17,4,40.0,1
3658,2025-04-29,24,7,44.0,1
3659,2024-12-20,6,2,39.0,1
3660,2024-12-20,15,4,37.0,1
3661,2025-03-30,27,8,36.0,1
3662,2025-02-05,48,14,36.0,1
3663,2025-02-05,2,1,38.0,1
3664,2025-02-05,19,5,41.0,1
3665,2024-12-30,29,9,36.0,1
3666,2024-12-30,3,1,39.0,1
3667,2024-12-30,38,12,37.0,1
3668,2024-12-30,7,2,42.0,1
3669,2024-12-22,28,8,40.0,1
3670,2024-12-22,16,4,41.0,1
3671,2024-12-22,6,2,38.0,1
3672,2024-12-31,18,5,40.0,1
3673,2025-02-01,6,2,40.0,1
3674,2025-02-01,17,4,38.0,1
3675,2025-02-01,49,14,37.0,1
3676,2025-02-01,1,1,37.0,2
3677,2025-03-11,32,10,36.0,1
3678,2025-03-11,41,13,40.0,1
3679,2025-03-11,27,8,46.0,1
3680,2025-03-11,43,13,40.0,1
3681,2025-04-17,9,2,40.0,1
3682,2025-03-07,28,8,41.0,1
3683,2025-03-07,7,2,42.0,1
3684,2025-03-07,26,8,43.0,1
3685,2024-12-14,3,1,43.0,1
3686,2024-12-14,16,4,38.0,1
3687,2025-03-25,4,1,37.0,1
3688,2025-03-25,13,3,39.0,1
3689,2025-03-25,39,12,38.0,1
3690,2025-03-25,7,2,42.0,1
3691,2025-04-05,19,5,36.0,2
3692,2025-04-05,28,8,38.0,1
3693,2025-04-05,4,1,40.0,1
3694,2025-02-17,53,15,40.0,1
3695,2025-02-17,47,14,41.0,1
3696,2025-02-17,41,13,38.0,1
3697,2025-03-29,20,5,44.0,1
3698,2025-01-30,16,4,41.0,1
3699,2025-01-30,16,4,38.0,1
3700,2025-01-30,19,5,37.0,1
3701,2025-01-30,1,1,38.0,1
3702,2025-04-08,25,7,38.0,1
3703,2025-04-08,25,7,40.0,1
3704,2025-04-08,26,8,39.0,1
3705,2025-04-08,8,2,39.0,1
3706,2025-02-06,18,5,36.0,1
3707,2025-02-06,34,11,36.0,1
3708,2025-02-06,12,3,43.0,1
3709,2025-02-06,8,2,43.0,4
3710,2025-02-06,2,1,39.0,1
3711,2025-02-06,12,3,39.0,1
3712,2025-02-06,13,3,36.0,3
3713,2025-02-06,1,1,40.0,1
3714,2025-02-06,29,9,38.0,1
3715,2025-02-06,20,5,38.0,1
3716,2025-02-06,20,5,38.0,1
3717,2025-02-06,10,3,39.0,1
3718,2025-02-06,17,4,41.0,1
3719,2025-02-06,15,4,41.0,1
3720,2025-02-06,21,6,40.0,1
3721,2025-02-06,18,5,39.0,1
3722,2025-03-29,19,5,42.0,1
3723,2025-03-29,15,4,40.0,1
3724,2025-03-29,25,7,38.0,1
3725,2025-04-20,1,1,42.0,1
3726,2025-04-20,30,9,36.0,1
3727,2025-04-20,16,4,36.0,1
3728,2024-12-25,47,14,36.0,1
3729,2024-12-25,36,11,38.0,3
3730,2024-12-25,20,5,37.0,1
3731,2024-12-25,18,5,42.0,1
3732,2025-01-04,10,3,41.0,1
3733,2025-01-04,38,12,39.0,1
3734,2025-01-04,50,15,37.0,1
3735,2025-01-04,13,3,41.0,4
3736,2025-01-05,6,2,39.0,1
3737,2025-01-05,9,2,41.0,1
3738,2025-01-05,35,11,36.0,1
3739,2025-01-05,41,13,42.0,1
3740,2025-04-30,27,8,40.0,1
3741,2025-04-11,12,3,41.0,1
3742,2025-04-11,2,1,41.0,1
3743,2025-04-11,49,14,40.0,2
3744,2025-04-11,24,7,36.0,1
3745,2024-12-31,16,4,42.0,1
3746,2024-12-31,4,1,37.0,1
3747,2024-12-31,12,3,37.0,1
3748,2025-03-26,19,5,38.0,1
3749,2024-12-22,1,1,41.0,1
3750,2024-12-22,50,15,37.0,1
3751,2024-12-22,9,2,38.0,1
3752,2024-12-22,1,1,44.0,1
3753,2025-05-02,2,1,37.0,1
3754,2025-05-02,24,7,43.0,1
3755,2025-05-02,26,8,40.0,1
3756,2024-12-13,24,7,42.0,1
3757,2024-12-13,24,7,36.0,1
3758,2024-12-08,23,7,37.0,1
3759,2024-12-22,2,1,42.0,1
3760,2024-12-22,2,1,42.0,1
3761,2025-01-12,36,11,39.0,1
3762,2025-01-12,8,2,36.0,4
3763,2025-01-12,6,2,41.0,1
3764,2025-01-12,20,5,38.0,1
3765,2025-04-08,4,1,40.0,1
3766,2025-04-08,46,14,40.0,1
3767,2025-04-08,17,4,39.0,1
3768,2025-04-08,4,1,38.0,1
3769,2025-02-15,48,14,36.0,1
3770,2025-02-15,25,7,36.0,1
3771,2025-02-15,25,7,39.0,1
3772,2025-03-14,1,1,42.0,1
3773,2025-03-14,32,10,37.0,3
3774,2025-03-14,25,7,41.0,1
3775,2025-03-14,14,4,37.0,1
3776,2025-05-05,48,14,44.0,1
3777,2025-05-05,24,7,41.0,1
3778,2025-05-05,22,6,39.0,1
3779,2025-01-28,23,7,40.0,1
3780,2025-01-28,7,2,41.0,1
3781,2025-01-28,53,15,36.0,1
3782,2024-12-23,18,5,36.0,1
3783,2024-12-23,28,8,41.0,1
3784,2024-12-23,14,4,37.0,1
3785,2025-03-21,1,1,41.0,1
3786,2025-03-19,11,3,39.0,1
3787,2025-03-19,11,3,41.0,1
3788,2025-03-19,50,15,41.0,1
3789,2025-01-14,8,2,43.0,1
3790,2025-01-14,20,5,37.0,1
3791,2025-01-14,3,1,36.0,1
3792,2025-01-14,49,14,38.0,1
3793,2025-03-19,17,4,37.0,1
3794,2025-03-19,9,2,38.0,1
3795,2025-03-19,7,2,41.0,1
3796,2025-04-18,29,9,42.0,1
3797,2025-04-18,11,3,43.0,1
3798,2025-04-18,25,7,42.0,1
3799,2025-01-05,53,15,40.0,1
3800,2025-03-31,17,4,38.0,1
3801,2025-03-31,13,3,37.0,1
3802,2025-03-31,1,1,37.0,1
3803,2025-01-10,28,8,38.0,1
3804,2025-01-10,37,12,39.0,1
3805,2025-02-20,34,11,40.0,1
3806,2025-02-20,39,12,38.0,1
3807,2025-02-20,12,3,37.0,1
3808,2025-02-20,52,15,46.0,1
3809,2025-02-22,37,12,39.0,1
3810,2025-02-22,51,15,37.0,1
3811,2025-02-22,40,13,40.0,1
3812,2025-04-06,8,2,39.0,1
3813,2025-04-06,11,3,36.0,4
3814,2025-04-06,51,15,41.0,1
3815,2025-03-26,28,8,36.0,1
3816,2025-03-26,15,4,36.0,4
3817,2025-03-26,24,7,37.0,1
3818,2025-03-01,6,2,39.0,1
3819,2025-03-01,39,12,36.0,1
3820,2025-03-03,21,6,40.0,1
3821,2025-03-03,32,10,39.0,1
3822,2025-03-03,34,11,41.0,1
3823,2025-03-03,19,5,42.0,1
3824,2025-02-10,12,3,41.0,1
3825,2025-02-10,26,8,41.0,1
3826,2025-02-10,16,4,37.0,1
3827,2025-04-11,48,14,39.0,1
3828,2025-04-11,12,3,41.0,1
3829,2025-04-11,6,2,40.0,1
3830,2025-04-11,39,12,44.0,1
3831,2025-05-05,51,15,45.0,1
3832,2025-05-05,23,7,44.0,1
3833,2025-05-05,10,3,41.0,1
3834,2025-05-05,25,7,36.0,1
3835,2025-02-12,25,7,39.0,1
3836,2025-02-12,10,3,39.0,1
3837,2025-02-12,3,1,40.0,1
3838,2025-02-12,52,15,38.0,1
3839,2025-01-06,11,3,45.0,1
3840,2025-01-06,48,14,41.0,1
3841,2025-02-22,26,8,41.0,1
3842,2025-01-04,32,10,41.0,1
3843,2025-01-04,42,13,39.0,1
3844,2025-02-06,28,8,40.0,1
3845,2025-02-06,27,8,39.0,1
3846,2025-02-06,21,6,40.0,1
3847,2025-02-06,7,2,39.0,1
3848,2025-02-06,5,2,37.0,1
3849,2025-02-06,19,5,41.0,1
3850,2025-02-06,2,1,41.0,1
3851,2025-02-06,8,2,42.0,1
3852,2025-02-06,8,2,40.0,1
3853,2025-02-06,16,4,45.0,1
3854,2025-02-06,30,9,45.0,1
3855,2025-02-06,3,1,46.0,1
3856,2025-03-09,23,7,37.0,1
3857,2025-02-03,22,6,36.0,1
3858,2025-02-03,25,7,46.0,1
3859,2025-02-03,26,8,37.0,1
3860,2025-02-03,3,1,42.0,1
3861,2025-02-28,14,4,36.0,1
3862,2025-01-23,24,7,38.0,1
3863,2025-01-23,28,8,38.0,1
3864,2025-01-23,9,2,38.0,1
3865,2025-02-01,35,11,36.0,1
3866,2025-02-01,9,2,36.0,1
3867,2025-03-16,37,12,36.0,1
3868,2025-03-16,28,8,39.0,1
3869,2025-02-09,5,2,38.0,1
3870,2024-12-30,50,15,36.0,1
3871,2024-12-30,35,11,38.0,1
3872,2024-12-30,27,8,46.0,1
3873,2025-04-04,18,5,39.0,1
3874,2025-04-04,27,8,37.0,1
3875,2025-01-28,28,8,42.0,1
3876,2025-01-28,25,7,43.0,2
3877,2025-01-28,15,4,42.0,1
3878,2025-01-09,17,4,39.0,1
3879,2025-01-09,39,12,38.0,1
3880,2025-01-09,18,5,40.0,1
3881,2025-01-09,4,1,42.0,1
3882,2025-04-19,8,2,42.0,1
3883,2025-04-19,19,5,41.0,1
3884,2025-02-15,2,1,39.0,1
3885,2025-04-14,7,2,36.0,1
3886,2025-02-28,13,3,45.0,1
3887,2025-02-28,3,1,43.0,4
3888,2025-02-28,16,4,41.0,1
3889,2025-03-20,10,3,41.0,1
3890,2025-03-20,36,11,38.0,1
3891,2025-03-20,21,6,37.0,1
3892,2025-03-20,13,3,41.0,1
3893,2025-04-21,22,6,40.0,1
3894,2025-03-09,49,14,39.0,1
3895,2025-03-09,8,2,37.0,1
3896,2025-03-09,19,5,36.0,1
3897,2025-03-09,7,2,42.0,1
3898,2025-03-12,28,8,37.0,1
3899,2025-03-12,22,6,41.0,1
3900,2024-12-13,9,2,41.0,1
3901,2024-12-13,26,8,41.0,1
3902,2024-12-13,29,9,42.0,1
3903,2025-02-03,2,1,45.0,1
3904,2025-02-03,8,2,39.0,1
3905,2025-02-22,24,7,38.0,1
3906,2025-02-22,16,4,41.0,1
3907,2025-02-22,29,9,39.0,1
3908,2025-04-10,13,3,43.0,1
3909,2025-04-10,16,4,43.0,1
3910,2025-04-10,26,8,38.0,1
3911,2025-04-10,16,4,40.0,1
3912,2025-03-07,25,7,42.0,1
3913,2025-03-07,25,7,41.0,1
3914,2025-03-13,15,4,45.0,1
3915,2025-03-13,23,7,43.0,1
3916,2025-03-13,25,7,36.0,1
3917,2025-01-24,19,5,37.0,1
3918,2025-01-24,8,2,36.0,1
3919,2025-01-30,9,2,37.0,1
3920,2025-01-30,25,7,36.0,1
3921,2025-01-30,27,8,36.0,1
3922,2025-02-18,14,4,41.0,1
3923,2025-02-18,3,1,37.0,1
3924,2025-02-18,24,7,42.0,1
3925,2025-02-18,14,4,42.0,1
3926,2025-01-29,13,3,39.0,1
3927,2025-01-29,16,4,38.0,1
3928,2025-01-29,10,3,37.0,1
3929,2025-01-13,12,3,37.0,1
3930,2025-01-13,27,8,36.0,1
3931,2025-02-05,22,6,41.0,1
3932,2025-02-05,7,2,36.0,4
3933,2025-05-04,25,7,40.0,1
3934,2025-05-04,16,4,37.0,1
3935,2025-05-06,2,1,37.0,1
3936,2025-05-06,13,3,41.0,1
3937,2025-03-03,23,7,36.0,1
3938,2025-03-03,46,14,39.0,1
3939,2025-03-03,27,8,38.0,1
3940,2025-03-03,28,8,42.0,1
3941,2025-01-21,19,5,40.0,1
3942,2025-01-08,16,4,45.0,1
3943,2025-01-08,6,2,37.0,1
3944,2024-12-28,14,4,37.0,1
3945,2024-12-28,21,6,41.0,1
3946,2025-04-26,52,15,44.0,1
3947,2025-04-26,42,13,37.0,1
3948,2025-03-14,49,14,42.0,1
3949,2025-03-14,24,7,41.0,1
3950,2025-03-14,32,10,36.0,1
3951,2024-12-13,9,2,44.0,1
3952,2024-12-13,16,4,38.0,1
3953,2025-01-23,34,11,41.0,1
3954,2025-01-23,8,2,39.0,1
3955,2025-01-23,2,1,40.0,1
3956,2025-01-23,6,2,38.0,1
3957,2025-04-09,21,6,40.0,1
3958,2025-03-16,18,5,37.0,1
3959,2025-03-16,28,8,39.0,1
3960,2025-03-16,22,6,46.0,4
3961,2025-02-09,25,7,39.0,1
3962,2025-02-09,3,1,42.0,1
3963,2025-02-09,17,4,43.0,1
3964,2025-02-09,42,13,36.0,1
3965,2025-01-28,26,8,44.0,1
3966,2025-01-28,42,13,42.0,1
3967,2025-01-30,22,6,37.0,1
3968,2025-01-30,13,3,41.0,1
3969,2025-03-04,25,7,38.0,1
3970,2025-03-04,28,8,39.0,1
3971,2025-03-04,9,2,36.0,1
3972,2025-03-19,15,4,43.0,1
3973,2025-03-19,8,2,39.0,1
3974,2025-03-19,22,6,36.0,1
3975,2025-03-19,8,2,42.0,1
3976,2025-04-29,51,15,36.0,1
3977,2025-04-29,1,1,38.0,1
3978,2024-12-20,7,2,39.0,1
3979,2024-12-20,37,12,43.0,1
3980,2024-12-20,4,1,41.0,1
3981,2025-01-29,46,14,37.0,1
3982,2025-01-29,9,2,37.0,1
3983,2025-01-29,3,1,41.0,1
3984,2025-01-29,47,14,37.0,1
3985,2025-04-23,30,9,38.0,1
3986,2024-12-25,27,8,37.0,1
3987,2024-12-25,15,4,36.0,1
3988,2024-12-25,40,13,40.0,1
3989,2024-12-25,53,15,44.0,1
3990,2025-04-19,13,3,37.0,1
3991,2025-04-19,20,5,43.0,1
3992,2025-04-19,23,7,43.0,1
3993,2025-04-19,53,15,42.0,1
3994,2024-12-24,13,3,40.0,1
3995,2024-12-24,12,3,41.0,1
3996,2025-04-22,21,6,40.0,1
3997,2025-04-22,16,4,42.0,1
3998,2025-04-22,28,8,40.0,1
3999,2025-02-01,27,8,36.0,1
4000,2025-02-01,21,6,36.0,2
4001,2025-03-24,15,4,42.0,1
4002,2025-03-24,32,10,39.0,1
4003,2025-03-24,23,7,39.0,1
4004,2025-03-24,15,4,38.0,1
4005,2024-12-28,27,8,42.0,3
4006,2024-12-28,10,3,38.0,1
4007,2024-12-28,27,8,39.0,1
4008,2024-12-28,9,2,44.0,1
4009,2025-04-29,53,15,41.0,1
4010,2025-04-30,32,10,37.0,1
4011,2025-04-30,32,10,42.0,1
4012,2024-12-08,26,8,37.0,1
4013,2024-12-08,22,6,39.0,1
4014,2024-12-08,6,2,38.0,1
4015,2024-12-08,12,3,36.0,1
4016,2025-04-21,28,8,38.0,1
4017,2025-04-21,12,3,39.0,1
4018,2025-05-03,7,2,38.0,1
4019,2025-05-03,25,7,42.0,1
4020,2025-05-03,4,1,43.0,1
4021,2025-05-03,26,8,37.0,1
4022,2025-03-02,33,10,40.0,1
4023,2025-03-02,9,2,36.0,1
4024,2024-12-24,3,1,38.0,1
4025,2024-12-24,32,10,39.0,1
4026,2024-12-24,20,5,40.0,1
4027,2025-02-07,37,12,41.0,1
4028,2025-02-07,11,3,38.0,1
4029,2025-03-07,14,4,39.0,1
4030,2025-04-14,5,2,38.0,1
4031,2025-04-14,28,8,40.0,1
4032,2025-04-14,16,4,36.0,1
4033,2025-04-14,9,2,37.0,1
4034,2025-02-19,7,2,39.0,1
4035,2025-04-13,13,3,41.0,1
4036,2025-04-13,37,12,46.0,1
4037,2025-04-13,2,1,36.0,1
4038,2025-04-13,42,13,43.0,1
4039,2025-04-13,5,2,38.0,2
4040,2025-04-12,19,5,41.0,1
4041,2025-04-12,37,12,38.0,2
4042,2025-04-12,12,3,36.0,1
4043,2025-01-29,9,2,36.0,1
4044,2025-01-29,20,5,40.0,1
4045,2025-01-27,14,4,38.0,1
4046,2025-01-27,30,9,41.0,1
4047,2025-01-27,26,8,42.0,1
4048,2025-03-13,13,3,36.0,1
4049,2025-03-13,27,8,36.0,1
4050,2025-03-13,8,2,45.0,1
4051,2024-12-24,30,9,39.0,1
4052,2024-12-24,19,5,36.0,1
4053,2024-12-24,10,3,36.0,1
4054,2024-12-24,50,15,36.0,1
4055,2025-02-22,4,1,39.0,1
4056,2025-02-22,41,13,37.0,1
4057,2025-01-11,21,6,43.0,1
4058,2025-01-11,26,8,45.0,1
4059,2025-01-11,36,11,39.0,1
4060,2025-01-11,29,9,39.0,1
4061,2025-03-09,6,2,37.0,1
4062,2025-03-09,31,9,36.0,1
4063,2025-03-09,4,1,36.0,1
4064,2025-03-23,21,6,41.0,1
4065,2025-03-23,47,14,36.0,1
4066,2025-03-23,48,14,42.0,1
4067,2025-03-23,27,8,39.0,1
4068,2024-12-15,20,5,41.0,1
4069,2024-12-15,1,1,36.0,1
4070,2025-01-24,25,7,40.0,1
4071,2025-01-24,12,3,40.0,1
4072,2025-01-24,20,5,39.0,1
4073,2025-01-18,33,10,36.0,1
4074,2025-01-18,28,8,41.0,1
4075,2025-03-01,41,13,38.0,1
4076,2025-01-08,6,2,42.0,1
4077,2025-01-08,24,7,40.0,1
4078,2025-01-08,2,1,36.0,1
4079,2025-03-09,46,14,41.0,1
4080,2025-03-09,26,8,40.0,1
4081,2024-12-19,13,3,44.0,1
4082,2024-12-19,4,1,43.0,1
4083,2024-12-19,2,1,43.0,1
4084,2025-01-19,10,3,38.0,1
4085,2025-01-19,34,11,38.0,1
4086,2025-01-19,17,4,39.0,1
4087,2025-01-19,29,9,38.0,1
4088,2025-03-12,17,4,38.0,1
4089,2025-03-12,14,4,37.0,1
4090,2025-03-12,26,8,39.0,1
4091,2025-03-12,18,5,37.0,1
4092,2025-03-13,3,1,42.0,1
4093,2025-03-13,6,2,38.0,1
4094,2025-01-23,18,5,43.0,1
4095,2024-12-18,21,6,38.0,1
4096,2025-03-20,29,9,44.0,1
4097,2025-03-26,40,13,38.0,1
4098,2025-03-26,6,2,42.0,1
4099,2024-12-16,19,5,40.0,1
4100,2024-12-16,3,1,37.0,1
4101,2024-12-16,20,5,41.0,1
4102,2024-12-16,23,7,38.0,1
4103,2025-03-01,23,7,42.0,1
4104,2025-03-01,2,1,39.0,1
4105,2024-12-17,24,7,38.0,1
4106,2024-12-31,14,4,41.0,1
4107,2024-12-31,5,2,42.0,1
4108,2024-12-31,10,3,36.0,1
4109,2024-12-31,4,1,36.0,1
4110,2025-01-02,24,7,41.0,1
4111,2025-04-17,10,3,39.0,1
4112,2025-04-17,21,6,40.0,1
4113,2025-04-17,17,4,41.0,1
4114,2025-04-17,27,8,39.0,1
4115,2025-02-05,5,2,36.0,1
4116,2025-03-28,48,14,36.0,1
4117,2025-03-28,6,2,43.0,1
4118,2025-03-28,5,2,38.0,1
4119,2025-03-28,7,2,39.0,1
4120,2025-03-08,7,2,46.0,1
4121,2025-03-08,5,2,37.0,1
4122,2025-03-08,7,2,41.0,1
4123,2025-03-08,29,9,43.0,1
4124,2025-03-08,23,7,38.0,1
4125,2025-03-08,52,15,37.0,1
4126,2025-03-08,43,13,38.0,1
4127,2025-03-08,19,5,45.0,1
4128,2025-02-26,32,10,42.0,2
4129,2025-01-17,46,14,36.0,1
4130,2025-01-17,9,2,37.0,1
4131,2025-01-17,13,3,41.0,1
4132,2025-01-17,41,13,38.0,1
4133,2025-01-18,8,2,40.0,1
4134,2025-01-18,14,4,42.0,1
4135,2025-01-18,39,12,42.0,1
4136,2025-01-18,26,8,38.0,1
4137,2024-12-23,38,12,36.0,1
4138,2024-12-23,21,6,43.0,1
4139,2025-02-10,10,3,37.0,1
4140,2025-02-10,8,2,38.0,1
4141,2024-12-24,6,2,42.0,1
4142,2024-12-24,9,2,40.0,1
4143,2025-01-27,32,10,46.0,1
4144,2025-02-24,29,9,36.0,1
4145,2025-01-17,22,6,42.0,1
4146,2025-01-17,11,3,40.0,1
4147,2025-01-17,6,2,40.0,1
4148,2025-03-21,49,14,36.0,1
4149,2025-03-21,24,7,37.0,1
4150,2025-03-21,24,7,39.0,1
4151,2025-03-21,14,4,36.0,1
4152,2025-01-02,4,1,41.0,1
4153,2025-01-02,9,2,40.0,3
4154,2025-01-02,53,15,44.0,1
4155,2025-01-02,31,9,37.0,3
4156,2025-03-13,15,4,37.0,1
4157,2025-04-30,47,14,41.0,1
4158,2025-04-30,29,9,43.0,1
4159,2025-04-30,15,4,38.0,3
4160,2025-04-30,3,1,40.0,1
4161,2024-12-18,5,2,38.0,1
4162,2024-12-18,17,4,37.0,1
4163,2025-05-06,14,4,39.0,1
4164,2025-02-25,1,1,39.0,1
4165,2025-02-25,17,4,39.0,1
4166,2025-02-06,49,14,38.0,1
4167,2025-02-06,35,11,36.0,1
4168,2025-02-06,3,1,43.0,1
4169,2025-02-06,22,6,41.0,1
4170,2025-02-06,22,6,36.0,1
4171,2025-02-06,6,2,38.0,1
4172,2025-02-06,31,9,36.0,1
4173,2025-02-06,21,6,42.0,1
4174,2025-02-06,28,8,36.0,1
4175,2025-02-06,49,14,38.0,1
4176,2025-02-06,10,3,39.0,1
4177,2025-02-06,26,8,40.0,1
4178,2025-03-25,5,2,36.0,1
4179,2025-03-25,16,4,42.0,1
4180,2025-02-01,35,11,38.0,1
4181,2025-02-01,4,1,38.0,1
4182,2025-02-01,20,5,43.0,1
4183,2025-04-21,11,3,40.0,1
4184,2025-04-21,40,13,46.0,1
4185,2025-04-21,37,12,43.0,1
4186,2025-04-21,18,5,40.0,1
4187,2024-12-15,28,8,36.0,1
4188,2025-01-20,12,3,43.0,1
4189,2025-04-08,5,2,38.0,1
4190,2025-04-08,8,2,39.0,1
4191,2025-04-08,38,12,39.0,1
4192,2025-04-08,22,6,43.0,1
4193,2025-01-11,30,9,44.0,1
4194,2025-01-03,24,7,43.0,3
4195,2025-02-17,42,13,39.0,1
4196,2025-04-14,52,15,36.0,1
4197,2025-04-14,43,13,37.0,3
4198,2025-04-12,4,1,42.0,1
4199,2025-04-12,51,15,44.0,1
4200,2025-04-12,2,1,38.0,1
4201,2025-02-01,8,2,42.0,1
4202,2025-02-01,35,11,40.0,1
4203,2025-02-01,8,2,37.0,1
4204,2024-12-26,25,7,38.0,1
4205,2024-12-26,33,10,42.0,4
4206,2024-12-26,1,1,42.0,1
4207,2024-12-26,17,4,39.0,1
4208,2024-12-26,28,8,39.0,1
4209,2024-12-26,50,15,37.0,1
4210,2025-02-04,27,8,43.0,1
4211,2025-02-04,24,7,42.0,1
4212,2025-02-04,9,2,40.0,1
4213,2025-04-22,20,5,40.0,1
4214,2025-04-22,8,2,39.0,1
4215,2025-04-22,34,11,37.0,1
4216,2025-04-22,11,3,37.0,1
4217,2025-03-30,26,8,36.0,1
4218,2025-03-30,24,7,45.0,1
4219,2025-03-30,27,8,36.0,1
4220,2025-04-03,11,3,42.0,1
4221,2025-04-03,12,3,39.0,1
4222,2025-04-03,6,2,37.0,1
4223,2025-04-03,27,8,41.0,1
4224,2024-12-23,41,13,37.0,1
4225,2024-12-23,21,6,40.0,1
4226,2025-02-11,24,7,41.0,1
4227,2025-02-11,34,11,42.0,1
4228,2025-02-11,10,3,39.0,1
4229,2025-02-11,29,9,42.0,1
4230,2025-02-22,38,12,38.0,1
4231,2025-02-08,2,1,36.0,1
4232,2025-04-05,14,4,41.0,1
4233,2025-04-05,12,3,37.0,1
4234,2024-12-08,46,14,38.0,1
4235,2024-12-08,20,5,38.0,1
4236,2025-03-26,14,4,38.0,1
4237,2025-03-26,23,7,39.0,1
4238,2025-03-26,24,7,41.0,1
4239,2025-03-26,11,3,40.0,1
4240,2025-03-05,12,3,39.0,1
4241,2025-03-05,48,14,42.0,1
4242,2025-03-05,5,2,39.0,1
4243,2025-03-16,23,7,36.0,1
4244,2025-03-16,13,3,46.0,1
4245,2025-03-05,1,1,44.0,1
4246,2025-01-17,24,7,38.0,1
4247,2025-01-17,20,5,38.0,1
4248,2025-01-11,8,2,37.0,1
4249,2025-01-14,52,15,43.0,1
4250,2025-03-11,17,4,39.0,1
4251,2025-03-11,26,8,43.0,1
4252,2025-03-11,16,4,37.0,1
4253,2025-03-11,2,1,43.0,1
4254,2025-04-19,12,3,38.0,1
4255,2025-03-02,33,10,41.0,1
4256,2025-03-02,23,7,40.0,1
4257,2025-03-02,16,4,38.0,1
4258,2024-12-14,14,4,39.0,1
4259,2024-12-14,25,7,39.0,1
4260,2025-03-19,29,9,39.0,1
4261,2025-03-19,6,2,40.0,2
4262,2025-04-30,24,7,42.0,1
4263,2025-04-30,6,2,37.0,1
4264,2025-04-30,10,3,39.0,1
4265,2024-12-31,16,4,36.0,1
4266,2024-12-31,6,2,36.0,1
4267,2024-12-31,50,15,37.0,1
4268,2025-04-13,26,8,41.0,1
4269,2025-04-13,12,3,44.0,1
4270,2025-04-13,48,14,39.0,1
4271,2025-03-23,23,7,39.0,1
4272,2025-02-20,8,2,45.0,4
4273,2025-02-20,26,8,41.0,1
4274,2025-04-16,16,4,36.0,1
4275,2025-04-16,10,3,43.0,1
4276,2025-04-16,6,2,36.0,1
4277,2024-12-13,29,9,41.0,1
4278,2025-01-04,6,2,41.0,1
4279,2025-01-04,20,5,45.0,1
4280,2025-01-04,1,1,39.0,1
4281,2025-01-04,27,8,38.0,1
4282,2025-03-10,27,8,36.0,1
4283,2025-01-20,41,13,37.0,1
4284,2025-01-20,24,7,39.0,1
4285,2025-01-20,25,7,39.0,1
4286,2025-01-20,14,4,36.0,1
4287,2025-02-01,25,7,38.0,1
4288,2025-02-01,27,8,46.0,1
4289,2024-12-17,33,10,42.0,1
4290,2024-12-17,33,10,37.0,1
4291,2024-12-17,18,5,43.0,1
4292,2024-12-17,22,6,39.0,1
4293,2024-12-18,48,14,37.0,1
4294,2025-02-07,16,4,38.0,1
4295,2025-02-07,16,4,43.0,1
4296,2025-04-20,14,4,40.0,1
4297,2025-04-20,52,15,39.0,1
4298,2025-04-20,16,4,37.0,1
4299,2025-03-09,32,10,40.0,1
4300,2025-03-09,20,5,36.0,1
4301,2025-03-09,39,12,39.0,1
4302,2025-03-09,22,6,39.0,1
4303,2025-01-04,16,4,38.0,1
4304,2025-01-04,32,10,41.0,1
4305,2025-03-28,21,6,37.0,1
4306,2025-03-28,15,4,36.0,1
4307,2025-02-23,18,5,38.0,1
4308,2025-02-23,6,2,45.0,1
4309,2025-02-23,9,2,38.0,1
4310,2025-01-08,21,6,36.0,1
4311,2025-01-08,46,14,41.0,1
4312,2025-01-08,10,3,38.0,1
4313,2025-01-08,21,6,39.0,1
4314,2025-05-01,3,1,38.0,1
4315,2025-05-01,42,13,40.0,1
4316,2025-05-01,32,10,37.0,1
4317,2025-02-03,18,5,37.0,1
4318,2025-02-03,23,7,37.0,2
4319,2025-02-03,25,7,36.0,1
4320,2025-02-03,49,14,37.0,1
4321,2025-01-02,8,2,41.0,1
4322,2025-03-01,12,3,37.0,1
4323,2025-03-01,22,6,39.0,2
4324,2025-04-06,2,1,39.0,1
4325,2025-04-06,22,6,36.0,1
4326,2025-04-06,14,4,40.0,1
4327,2025-02-04,5,2,40.0,1
4328,2025-02-04,22,6,39.0,1
4329,2025-04-25,6,2,45.0,1
4330,2025-04-25,20,5,38.0,1
4331,2025-04-25,14,4,41.0,1
4332,2025-04-25,3,1,38.0,1
4333,2024-12-13,26,8,42.0,1
4334,2025-01-12,21,6,40.0,1
4335,2025-01-12,8,2,39.0,3
4336,2025-01-12,22,6,37.0,1
4337,2025-01-12,38,12,45.0,1
4338,2025-01-31,15,4,42.0,1
4339,2025-04-20,46,14,43.0,1
4340,2025-04-20,17,4,38.0,1
4341,2024-12-16,3,1,36.0,1
4342,2024-12-16,36,11,44.0,1
4343,2025-04-25,23,7,43.0,1
4344,2025-04-25,23,7,43.0,1
4345,2025-03-30,33,10,36.0,1
4346,2025-03-30,16,4,37.0,1
4347,2025-03-30,3,1,37.0,1
4348,2025-03-30,33,10,44.0,1
4349,2025-04-05,16,4,36.0,1
4350,2025-04-05,26,8,39.0,1
4351,2025-04-05,16,4,37.0,1
4352,2025-04-05,11,3,37.0,1
4353,2025-01-02,48,14,37.0,1
4354,2025-01-02,2,1,40.0,1
4355,2025-02-05,2,1,41.0,1
4356,2025-02-05,15,4,36.0,4
4357,2025-05-02,19,5,38.0,1
4358,2025-02-16,2,1,41.0,1
4359,2025-02-16,28,8,42.0,1
4360,2025-02-16,22,6,37.0,1
4361,2024-12-23,20,5,44.0,1
4362,2024-12-23,17,4,42.0,1
4363,2024-12-23,28,8,43.0,1
4364,2024-12-31,35,11,36.0,1
4365,2024-12-31,9,2,42.0,1
4366,2024-12-31,21,6,45.0,1
4367,2025-04-30,27,8,37.0,1
4368,2025-04-30,39,12,42.0,1
4369,2025-04-30,46,14,39.0,1
4370,2024-12-15,24,7,39.0,1
4371,2024-12-15,21,6,38.0,1
4372,2024-12-15,21,6,39.0,1
4373,2024-12-20,2,1,37.0,1
4374,2025-03-03,10,3,38.0,1
4375,2025-05-05,29,9,39.0,1
4376,2025-05-05,10,3,37.0,1
4377,2025-05-05,9,2,43.0,1
4378,2025-05-02,27,8,39.0,1
4379,2025-05-02,35,11,43.0,1
4380,2025-01-19,22,6,37.0,1
4381,2025-01-19,27,8,40.0,1
4382,2025-01-19,18,5,38.0,1
4383,2025-01-19,11,3,37.0,1
4384,2025-04-04,51,15,39.0,1
4385,2025-04-04,14,4,39.0,1
4386,2025-02-09,31,9,41.0,1
4387,2025-02-09,9,2,41.0,1
4388,2025-02-09,33,10,41.0,1
4389,2025-01-31,19,5,38.0,2
4390,2025-01-31,50,15,40.0,1
4391,2025-05-05,49,14,37.0,1
4392,2025-05-05,15,4,45.0,1
4393,2025-05-05,10,3,37.0,1
4394,2025-03-20,21,6,39.0,1
4395,2025-03-20,14,4,41.0,1
4396,2025-01-29,8,2,37.0,1
4397,2024-12-22,6,2,37.0,1
4398,2024-12-22,15,4,39.0,1
4399,2024-12-22,21,6,38.0,1
4400,2024-12-22,10,3,41.0,1
4401,2025-01-23,15,4,40.0,3
4402,2025-01-23,26,8,41.0,1
4403,2025-01-23,38,12,40.0,1
4404,2025-02-05,26,8,45.0,1
4405,2025-02-05,42,13,43.0,1
4406,2025-02-05,12,3,42.0,1
4407,2025-01-10,9,2,38.0,1
4408,2025-01-10,29,9,36.0,1
4409,2025-01-10,28,8,37.0,1
4410,2025-01-10,26,8,40.0,1
4411,2025-04-21,7,2,38.0,1
4412,2025-04-21,46,14,38.0,1
4413,2025-04-21,27,8,38.0,1
4414,2025-04-21,8,2,37.0,1
4415,2025-03-31,7,2,36.0,1
4416,2025-03-31,9,2,36.0,1
4417,2025-03-31,29,9,40.0,1
4418,2025-03-31,20,5,42.0,1
4419,2025-02-25,4,1,43.0,1
4420,2025-02-25,37,12,43.0,1
4421,2024-12-23,40,13,41.0,1
4422,2024-12-23,13,3,38.0,1
4423,2024-12-23,26,8,36.0,1
4424,2024-12-23,22,6,38.0,1
4425,2025-01-01,13,3,38.0,1
4426,2025-01-01,9,2,36.0,1
4427,2024-12-31,42,13,38.0,1
4428,2025-04-30,1,1,38.0,1
4429,2025-03-26,27,8,39.0,1
4430,2025-03-26,14,4,41.0,1
4431,2025-03-26,47,14,38.0,1
4432,2024-12-20,8,2,39.0,1
4433,2024-12-20,3,1,43.0,1
4434,2024-12-20,17,4,43.0,1
4435,2024-12-20,2,1,40.0,1
4436,2024-12-09,12,3,38.0,1
4437,2025-04-05,36,11,37.0,1
4438,2025-04-05,41,13,38.0,1
4439,2025-04-05,40,13,40.0,1
4440,2025-04-05,16,4,42.0,1
4441,2025-03-25,47,14,36.0,1
4442,2025-03-25,51,15,41.0,1
4443,2025-03-25,4,1,38.0,1
4444,2025-02-19,20,5,42.0,1
4445,2025-02-19,5,2,39.0,4
4446,2025-02-19,8,2,37.0,1
4447,2025-02-26,38,12,46.0,1
4448,2025-04-20,1,1,44.0,1
4449,2025-04-03,28,8,38.0,1
4450,2025-04-03,13,3,36.0,1
4451,2025-03-10,10,3,39.0,1
4452,2025-03-10,9,2,41.0,1
4453,2025-03-10,29,9,37.0,1
4454,2025-03-10,12,3,45.0,1
4455,2025-02-02,13,3,41.0,4
4456,2025-02-02,28,8,38.0,1
4457,2025-02-15,10,3,43.0,1
4458,2025-01-29,25,7,37.0,1
4459,2025-01-29,5,2,41.0,1
4460,2025-01-29,22,6,36.0,1
4461,2025-03-23,2,1,38.0,1
4462,2025-01-01,33,10,41.0,1
4463,2025-01-01,11,3,37.0,1
4464,2025-01-01,1,1,36.0,1
4465,2025-02-16,6,2,38.0,1
4466,2025-02-16,29,9,37.0,1
4467,2025-02-16,11,3,40.0,1
4468,2025-02-16,28,8,36.0,1
4469,2025-03-02,21,6,38.0,1
4470,2025-03-11,32,10,37.0,1
4471,2025-04-14,13,3,45.0,1
4472,2025-04-14,29,9,40.0,3
4473,2025-04-14,20,5,42.0,1
4474,2025-04-14,30,9,37.0,1
4475,2025-03-11,12,3,42.0,1
4476,2025-03-11,43,13,40.0,1
4477,2025-03-11,46,14,42.0,1
4478,2025-03-11,14,4,40.0,1
4479,2025-02-20,16,4,42.0,1
4480,2025-02-20,37,12,42.0,1
4481,2025-02-20,2,1,41.0,1
4482,2025-04-22,48,14,38.0,1
4483,2025-04-22,8,2,36.0,1
4484,2025-04-22,20,5,41.0,1
4485,2025-02-05,49,14,42.0,1
4486,2025-02-05,26,8,37.0,1
4487,2025-02-05,3,1,42.0,1
4488,2025-02-05,22,6,44.0,1
4489,2025-03-01,16,4,38.0,1
4490,2025-03-01,31,9,37.0,1
4491,2025-03-01,4,1,36.0,1
4492,2025-03-01,22,6,37.0,1
4493,2025-02-13,18,5,43.0,1
4494,2025-02-13,34,11,41.0,1
4495,2025-02-13,1,1,38.0,1
4496,2025-04-08,6,2,36.0,1
4497,2025-04-08,10,3,39.0,1
4498,2025-03-29,31,9,38.0,1
4499,2025-03-29,31,9,41.0,1
4500,2025-04-13,53,15,42.0,1
4501,2025-04-13,10,3,46.0,1
4502,2025-04-13,1,1,40.0,1
4503,2025-04-13,13,3,37.0,1
4504,2025-01-22,12,3,38.0,1
4505,2025-01-22,21,6,40.0,1
4506,2025-04-04,29,9,38.0,1
4507,2025-04-04,51,15,42.0,1
4508,2025-02-19,1,1,38.0,1
4509,2025-01-04,27,8,40.0,1
4510,2025-02-18,20,5,37.0,1
4511,2025-04-30,13,3,37.0,1
4512,2025-03-08,4,1,39.0,1
4513,2025-03-08,3,1,36.0,1
4514,2025-03-08,21,6,37.0,1
4515,2025-03-08,37,12,37.0,1
4516,2025-03-08,21,6,36.0,1
4517,2025-03-08,26,8,42.0,1
4518,2025-03-08,40,13,38.0,1
4519,2025-03-08,12,3,36.0,1
4520,2025-03-08,22,6,39.0,1
4521,2025-03-08,17,4,41.0,1
4522,2025-03-08,20,5,42.0,1
4523,2025-03-08,10,3,43.0,1
4524,2025-04-21,10,3,39.0,1
4525,2025-04-21,12,3,39.0,1
4526,2025-04-21,5,2,37.0,1
4527,2025-03-03,22,6,36.0,1
4528,2025-03-03,16,4,40.0,1
4529,2025-03-03,15,4,41.0,1
4530,2025-03-29,35,11,40.0,1
4531,2025-03-29,23,7,38.0,1
4532,2025-03-29,12,3,37.0,1
4533,2025-03-29,15,4,36.0,1
4534,2025-03-09,2,1,42.0,1
4535,2025-03-09,33,10,38.0,1
4536,2025-03-12,19,5,36.0,1
4537,2025-03-12,13,3,39.0,1
4538,2025-03-12,36,11,36.0,1
4539,2025-03-12,13,3,36.0,1
4540,2025-05-06,40,13,38.0,1
4541,2025-05-06,9,2,38.0,1
4542,2025-05-06,12,3,45.0,1
4543,2025-04-13,18,5,38.0,1
4544,2025-04-13,28,8,39.0,1
4545,2025-04-13,7,2,37.0,1
4546,2025-04-13,19,5,40.0,1
4547,2025-01-21,23,7,41.0,1
4548,2024-12-15,12,3,40.0,1
4549,2024-12-15,26,8,41.0,3
4550,2024-12-15,5,2,45.0,1
4551,2025-03-22,9,2,41.0,1
4552,2025-03-22,24,7,39.0,3
4553,2025-05-03,47,14,42.0,1
4554,2025-05-03,21,6,36.0,1
4555,2025-03-04,29,9,38.0,1
4556,2025-03-04,46,14,38.0,1
4557,2025-03-04,24,7,41.0,1
4558,2025-03-04,12,3,45.0,1
4559,2025-01-29,5,2,36.0,2
4560,2025-01-29,7,2,39.0,1
4561,2025-01-29,21,6,38.0,1
4562,2025-01-29,53,15,45.0,1
4563,2025-02-23,14,4,42.0,1
4564,2025-01-18,15,4,44.0,1
4565,2025-01-18,48,14,41.0,1
4566,2025-01-18,11,3,42.0,1
4567,2025-01-20,1,1,41.0,1
4568,2025-01-20,9,2,38.0,1
4569,2025-01-01,29,9,39.0,1
4570,2025-01-01,10,3,40.0,1
4571,2024-12-09,46,14,38.0,1
4572,2024-12-09,14,4,37.0,1
4573,2025-02-27,15,4,36.0,1
4574,2025-02-27,16,4,38.0,1
4575,2025-02-27,40,13,38.0,4
4576,2024-12-12,13,3,36.0,1
4577,2024-12-12,43,13,44.0,1
4578,2025-01-19,24,7,43.0,1
4579,2025-01-19,24,7,37.0,1
4580,2025-01-19,10,3,37.0,4
4581,2025-02-14,27,8,38.0,1
4582,2025-01-17,21,6,37.0,1
4583,2025-01-17,20,5,39.0,1
4584,2025-01-17,13,3,37.0,1
4585,2025-01-21,46,14,36.0,1
4586,2025-01-21,10,3,37.0,1
4587,2025-01-21,8,2,36.0,1
4588,2025-01-26,4,1,43.0,1
4589,2025-01-26,11,3,37.0,1
4590,2024-12-13,7,2,37.0,1
4591,2024-12-13,6,2,38.0,1
4592,2024-12-13,28,8,36.0,1
4593,2025-03-02,12,3,46.0,1
4594,2025-03-02,42,13,46.0,1
4595,2025-03-02,53,15,43.0,1
4596,2025-03-02,16,4,37.0,1
4597,2025-03-22,7,2,40.0,1
4598,2025-01-04,7,2,40.0,1
4599,2025-01-04,27,8,43.0,1
4600,2025-01-04,27,8,45.0,4
4601,2025-01-04,16,4,41.0,1
4602,2025-02-27,51,15,36.0,1
4603,2025-02-27,13,3,43.0,1
4604,2025-02-26,49,14,38.0,1
4605,2025-04-20,28,8,37.0,1
4606,2025-04-20,22,6,45.0,1
4607,2025-04-20,15,4,42.0,1
4608,2024-12-11,5,2,43.0,1
4609,2024-12-11,20,5,36.0,1
4610,2024-12-11,6,2,43.0,1
4611,2024-12-11,7,2,44.0,1
4612,2025-04-20,2,1,36.0,1
4613,2025-04-20,8,2,40.0,1
4614,2025-04-15,8,2,40.0,3
4615,2025-04-15,29,9,38.0,1
4616,2025-04-15,24,7,43.0,1
4617,2025-04-15,6,2,37.0,1
4618,2025-02-01,22,6,38.0,1
4619,2025-02-01,48,14,38.0,1
4620,2025-02-24,9,2,36.0,2
4621,2025-02-24,19,5,36.0,1
4622,2025-04-14,5,2,40.0,1
4623,2025-04-14,24,7,37.0,1
4624,2025-03-05,33,10,42.0,1
4625,2025-03-05,33,10,41.0,1
4626,2025-03-05,25,7,37.0,1
4627,2025-02-10,29,9,36.0,1
4628,2025-02-10,15,4,42.0,1
4629,2025-02-10,36,11,43.0,1
4630,2025-02-10,30,9,41.0,1
4631,2024-12-21,2,1,42.0,1
4632,2025-03-02,27,8,38.0,1
4633,2025-03-02,39,12,36.0,1
4634,2025-03-02,19,5,37.0,1
4635,2025-02-02,22,6,36.0,1
4636,2025-02-02,11,3,37.0,1
4637,2025-02-02,10,3,42.0,1
4638,2025-02-02,29,9,36.0,1
4639,2025-05-03,6,2,43.0,1
4640,2025-01-07,35,11,40.0,1
4641,2025-01-07,18,5,36.0,1
4642,2025-01-07,24,7,37.0,1
4643,2025-01-07,20,5,36.0,1
4644,2025-01-07,1,1,37.0,1
4645,2025-01-07,15,4,38.0,1
4646,2025-01-07,14,4,37.0,1
4647,2025-01-07,14,4,39.0,1
4648,2025-01-07,8,2,42.0,1
4649,2025-01-07,28,8,36.0,1
4650,2025-01-07,29,9,39.0,1
4651,2025-01-07,14,4,36.0,1
4652,2025-01-07,19,5,39.0,3
4653,2025-01-07,19,5,37.0,1
4654,2025-01-07,11,3,37.0,1
4655,2025-01-07,13,3,36.0,1
4656,2025-03-29,38,12,36.0,1
4657,2025-02-19,37,12,40.0,1
4658,2025-02-19,29,9,42.0,1
4659,2024-12-10,8,2,41.0,1
4660,2024-12-10,1,1,38.0,1
4661,2024-12-10,12,3,40.0,1
4662,2025-05-02,22,6,37.0,1
4663,2025-05-02,37,12,42.0,1
4664,2025-05-02,10,3,36.0,1
4665,2025-05-02,21,6,45.0,1
4666,2025-02-12,17,4,41.0,1
4667,2025-02-12,25,7,42.0,1
4668,2025-02-12,29,9,36.0,1
4669,2025-02-12,14,4,39.0,1
4670,2025-02-23,14,4,39.0,1
4671,2025-02-23,1,1,42.0,1
4672,2025-02-23,25,7,41.0,1
4673,2024-12-23,17,4,37.0,1
4674,2024-12-23,11,3,38.0,1
4675,2024-12-23,40,13,36.0,1
4676,2024-12-22,3,1,37.0,1
4677,2025-01-09,15,4,42.0,1
4678,2025-01-09,3,1,39.0,2
4679,2025-01-09,2,1,44.0,1
4680,2025-01-09,19,5,39.0,1
4681,2025-02-07,20,5,38.0,1
4682,2025-04-18,18,5,37.0,1
4683,2025-04-18,23,7,37.0,1
4684,2025-04-18,52,15,39.0,1
4685,2025-01-25,17,4,41.0,1
4686,2025-04-07,36,11,39.0,1
4687,2025-04-07,15,4,41.0,1
4688,2025-04-07,18,5,41.0,1
4689,2025-04-07,7,2,42.0,1
4690,2025-04-07,1,1,38.0,1
4691,2025-04-07,8,2,37.0,1
4692,2025-04-07,31,9,41.0,1
4693,2025-04-07,7,2,42.0,1
4694,2025-03-19,20,5,39.0,1
4695,2025-03-19,21,6,37.0,1
4696,2025-03-19,33,10,37.0,1
4697,2025-03-19,21,6,39.0,1
4698,2025-03-23,48,14,39.0,1
4699,2025-03-23,16,4,42.0,1
4700,2025-03-14,14,4,41.0,1
4701,2025-03-14,29,9,37.0,1
4702,2025-03-14,13,3,43.0,1
4703,2025-04-03,10,3,41.0,1
4704,2025-04-03,46,14,36.0,1
4705,2025-04-03,22,6,36.0,1
4706,2025-04-03,52,15,42.0,1
4707,2025-04-14,7,2,38.0,1
4708,2025-04-14,25,7,37.0,1
4709,2025-01-09,5,2,39.0,1
4710,2025-04-12,23,7,36.0,1
4711,2025-04-12,12,3,41.0,1
4712,2025-04-12,5,2,39.0,1
4713,2025-04-12,26,8,37.0,1
4714,2025-04-04,40,13,39.0,1
4715,2025-03-31,34,11,42.0,1
4716,2025-03-31,23,7,39.0,1
4717,2025-04-13,10,3,37.0,1
4718,2025-04-13,9,2,42.0,1
4719,2025-04-10,17,4,39.0,1
4720,2025-04-10,3,1,38.0,1
4721,2025-04-10,12,3,37.0,1
4722,2025-02-24,23,7,40.0,1
4723,2025-02-24,23,7,45.0,1
4724,2025-02-24,21,6,37.0,1
4725,2025-02-24,29,9,40.0,1
4726,2025-01-26,5,2,39.0,1
4727,2025-01-26,19,5,37.0,1
4728,2025-01-26,8,2,45.0,1
4729,2025-02-28,42,13,40.0,1
4730,2024-12-20,8,2,38.0,1
4731,2024-12-20,7,2,40.0,1
4732,2025-02-06,46,14,36.0,1
4733,2025-02-06,5,2,39.0,1
4734,2025-02-06,12,3,45.0,1
4735,2025-02-06,35,11,45.0,1
4736,2025-02-06,21,6,37.0,1
4737,2025-02-06,18,5,39.0,1
4738,2025-02-06,23,7,44.0,1
4739,2025-02-06,41,13,42.0,1
4740,2025-01-15,15,4,37.0,1
4741,2025-01-15,1,1,37.0,1
4742,2025-05-04,26,8,45.0,1
4743,2025-03-22,16,4,38.0,1
4744,2025-04-22,15,4,38.0,3
4745,2025-04-22,12,3,42.0,1
4746,2025-04-22,32,10,40.0,1
4747,2025-02-03,2,1,40.0,1
4748,2025-03-12,11,3,39.0,1
4749,2025-03-12,4,1,36.0,1
4750,2025-03-12,37,12,44.0,1
4751,2025-03-12,4,1,38.0,2
4752,2025-03-25,36,11,43.0,1
4753,2025-03-25,31,9,41.0,1
4754,2025-01-29,28,8,45.0,1
4755,2025-01-29,28,8,36.0,1
4756,2025-02-04,50,15,37.0,1
4757,2025-02-04,18,5,39.0,1
4758,2025-02-04,11,3,42.0,1
4759,2025-03-14,2,1,41.0,1
4760,2025-03-14,27,8,38.0,1
4761,2025-03-14,24,7,37.0,1
4762,2025-03-14,25,7,37.0,1
4763,2025-04-14,42,13,46.0,1
4764,2025-04-14,16,4,39.0,1
4765,2025-04-14,22,6,41.0,2
4766,2025-03-04,26,8,44.0,1
4767,2025-03-05,8,2,40.0,1
4768,2025-03-05,9,2,39.0,1
4769,2025-03-05,8,2,42.0,1
4770,2025-03-21,22,6,38.0,1
4771,2025-03-21,11,3,45.0,1
4772,2025-04-04,10,3,37.0,1
4773,2025-04-04,19,5,39.0,1
4774,2025-04-14,29,9,38.0,1
4775,2025-05-04,5,2,42.0,1
4776,2025-05-04,13,3,40.0,1
4777,2025-05-04,26,8,38.0,1
4778,2024-12-26,41,13,36.0,1
4779,2024-12-26,27,8,38.0,1
4780,2024-12-26,16,4,43.0,1
4781,2024-12-26,19,5,44.0,1
4782,2025-03-16,11,3,41.0,1
4783,2024-12-23,53,15,46.0,1
4784,2025-01-24,26,8,39.0,1
4785,2025-01-24,42,13,37.0,1
4786,2025-01-24,1,1,43.0,1
4787,2025-01-24,22,6,39.0,1
4788,2025-03-02,43,13,44.0,1
4789,2025-03-02,18,5,37.0,1
4790,2025-03-02,16,4,37.0,1
4791,2025-03-23,15,4,45.0,1
4792,2025-03-23,23,7,43.0,1
4793,2025-03-23,13,3,36.0,1
4794,2025-04-18,19,5,36.0,1
4795,2025-04-18,20,5,39.0,1
4796,2025-04-18,35,11,39.0,2
4797,2025-01-01,2,1,36.0,1
4798,2025-01-01,40,13,40.0,1
4799,2025-03-07,52,15,38.0,1
4800,2025-03-07,43,13,40.0,1
4801,2025-03-07,29,9,46.0,1
4802,2025-03-29,21,6,38.0,1
4803,2025-03-29,1,1,37.0,1
4804,2025-03-29,7,2,37.0,1
4805,2024-12-31,9,2,45.0,1
4806,2024-12-31,13,3,39.0,1
4807,2024-12-31,14,4,36.0,1
4808,2024-12-31,51,15,46.0,1
4809,2025-01-24,52,15,43.0,1
4810,2025-01-24,27,8,38.0,1
4811,2025-03-09,18,5,39.0,1
4812,2025-03-09,14,4,39.0,1
4813,2025-03-16,14,4,38.0,1
4814,2025-03-16,38,12,38.0,1
4815,2024-12-11,15,4,45.0,1
4816,2024-12-11,41,13,37.0,1
4817,2024-12-11,47,14,38.0,1
4818,2025-04-24,15,4,41.0,1
4819,2025-04-24,21,6,37.0,1
4820,2025-04-24,13,3,42.0,1
4821,2025-02-14,38,12,37.0,1
4822,2025-02-14,21,6,36.0,4
4823,2025-02-14,10,3,38.0,1
4824,2025-02-14,30,9,39.0,1
4825,2024-12-10,31,9,45.0,1
4826,2024-12-10,11,3,39.0,1
4827,2024-12-10,24,7,41.0,1
4828,2024-12-10,29,9,37.0,1
4829,2024-12-23,22,6,43.0,1
4830,2024-12-23,28,8,38.0,1
4831,2024-12-23,28,8,36.0,1
4832,2025-03-16,17,4,43.0,1
4833,2025-03-16,16,4,38.0,1
4834,2024-12-21,22,6,38.0,1
4835,2024-12-21,5,2,43.0,1
4836,2024-12-21,8,2,40.0,1
4837,2024-12-21,38,12,38.0,1
4838,2025-03-20,9,2,38.0,1
4839,2025-03-20,53,15,38.0,1
4840,2025-03-20,27,8,41.0,1
4841,2025-03-20,16,4,41.0,1
4842,2025-02-01,52,15,39.0,1
4843,2025-02-08,16,4,41.0,1
4844,2024-12-11,43,13,41.0,1
4845,2024-12-11,10,3,38.0,1
4846,2024-12-11,41,13,46.0,1
4847,2024-12-11,48,14,37.0,1
4848,2025-01-17,20,5,39.0,1
4849,2025-01-17,17,4,38.0,1
4850,2025-03-19,7,2,42.0,1
4851,2025-03-19,24,7,36.0,1
4852,2025-03-19,24,7,44.0,1
4853,2025-04-03,10,3,40.0,1
4854,2025-02-19,25,7,38.0,1
4855,2025-02-19,42,13,38.0,1
4856,2025-02-19,29,9,43.0,1
4857,2025-02-19,21,6,39.0,1
4858,2024-12-09,17,4,42.0,1
4859,2024-12-09,21,6,40.0,1
4860,2024-12-09,50,15,42.0,1
4861,2025-01-17,4,1,45.0,1
4862,2025-01-17,20,5,37.0,1
4863,2025-01-17,2,1,39.0,1
4864,2025-02-19,24,7,36.0,1
4865,2025-02-19,14,4,41.0,1
4866,2025-02-19,20,5,41.0,1
4867,2025-02-19,32,10,36.0,1
4868,2025-04-28,21,6,38.0,1
4869,2025-04-28,31,9,36.0,1
4870,2025-04-28,23,7,40.0,1
4871,2025-04-28,22,6,37.0,1
4872,2025-01-20,7,2,45.0,1
4873,2025-01-20,35,11,38.0,1
4874,2025-01-20,13,3,37.0,1
4875,2025-01-20,13,3,42.0,1
4876,2025-04-01,50,15,36.0,1
4877,2025-04-01,1,1,36.0,1
4878,2025-04-01,13,3,39.0,1
4879,2025-04-01,11,3,41.0,1
4880,2025-03-18,48,14,43.0,1
4881,2025-03-18,11,3,42.0,1
4882,2025-03-18,47,14,41.0,1
4883,2025-04-18,4,1,39.0,1
4884,2025-04-18,31,9,44.0,1
4885,2025-04-18,29,9,41.0,1
4886,2025-04-30,29,9,43.0,1
4887,2025-04-30,16,4,43.0,1
4888,2025-03-13,11,3,40.0,1
4889,2025-03-13,1,1,42.0,1
4890,2025-03-13,50,15,37.0,1
4891,2025-02-11,22,6,36.0,1
4892,2025-02-11,16,4,40.0,1
4893,2025-02-02,23,7,38.0,1
4894,2025-02-02,18,5,37.0,1
4895,2025-03-29,48,14,42.0,1
4896,2025-03-29,3,1,41.0,1
4897,2025-02-23,24,7,36.0,1
4898,2025-02-23,39,12,36.0,1
4899,2025-01-18,23,7,44.0,1
4900,2025-01-18,25,7,41.0,1
4901,2025-01-18,24,7,37.0,1
4902,2025-02-25,38,12,46.0,1
4903,2025-02-25,41,13,41.0,1
4904,2025-02-25,15,4,36.0,1
4905,2025-02-25,18,5,41.0,1
4906,2025-04-24,35,11,42.0,1
4907,2025-04-24,7,2,40.0,3
4908,2024-12-11,50,15,37.0,1
4909,2025-01-10,10,3,36.0,1
4910,2025-01-10,17,4,46.0,1
4911,2025-01-10,29,9,36.0,1
4912,2025-01-10,43,13,39.0,1
4913,2025-03-06,33,10,38.0,1
4914,2025-03-06,24,7,39.0,1
4915,2025-03-06,30,9,38.0,1
4916,2025-03-13,41,13,39.0,1
4917,2025-03-13,47,14,37.0,1
4918,2025-03-13,20,5,39.0,1
4919,2025-03-13,36,11,45.0,1
4920,2025-01-18,2,1,43.0,1
4921,2025-01-18,11,3,36.0,1
4922,2025-02-02,22,6,36.0,1
4923,2024-12-23,16,4,38.0,1
4924,2024-12-23,11,3,44.0,1
4925,2024-12-23,27,8,43.0,1
4926,2025-01-01,7,2,38.0,1
4927,2024-12-29,15,4,37.0,1
4928,2025-04-20,37,12,36.0,1
4929,2024-12-10,6,2,39.0,1
4930,2024-12-10,40,13,39.0,4
4931,2024-12-10,47,14,38.0,1
4932,2024-12-10,2,1,42.0,1
4933,2024-12-26,42,13,37.0,1
4934,2024-12-26,10,3,45.0,1
4935,2025-02-05,15,4,38.0,1
4936,2025-02-05,22,6,40.0,2
4937,2025-02-05,9,2,37.0,1
4938,2025-02-10,18,5,37.0,1
4939,2025-02-10,50,15,36.0,1
4940,2025-02-10,11,3,36.0,1
4941,2025-03-07,5,2,37.0,1
4942,2025-03-07,19,5,36.0,1
4943,2025-03-07,22,6,44.0,1
4944,2025-01-15,31,9,37.0,1
4945,2025-01-15,17,4,40.0,1
4946,2025-01-15,16,4,38.0,1
4947,2025-01-15,48,14,37.0,1
4948,2025-01-09,10,3,37.0,1
4949,2025-01-09,7,2,41.0,1
4950,2025-01-09,5,2,36.0,1
4951,2025-01-13,15,4,45.0,1
4952,2025-01-13,39,12,43.0,1
4953,2025-01-13,51,15,43.0,1
4954,2025-05-02,17,4,39.0,1
4955,2025-05-02,5,2,39.0,1
4956,2025-05-02,19,5,42.0,1
4957,2025-05-02,26,8,45.0,1
4958,2025-03-07,25,7,37.0,1
4959,2025-03-07,12,3,38.0,1
4960,2025-02-05,27,8,40.0,1
4961,2025-02-05,20,5,42.0,1
4962,2025-02-05,25,7,42.0,1
4963,2025-02-05,7,2,41.0,1
4964,2024-12-18,27,8,36.0,1
4965,2024-12-18,6,2,36.0,1
4966,2025-04-19,11,3,42.0,1
4967,2025-04-19,52,15,38.0,1
4968,2025-04-19,8,2,39.0,1
4969,2025-04-29,28,8,40.0,1
4970,2025-04-29,14,4,41.0,1
4971,2025-04-27,5,2,39.0,1
4972,2025-04-27,18,5,38.0,1
4973,2025-04-27,27,8,36.0,1
4974,2024-12-25,3,1,40.0,1
4975,2024-12-25,25,7,37.0,1
4976,2025-03-13,10,3,41.0,1
4977,2025-03-13,17,4,41.0,1
4978,2025-01-01,1,1,38.0,1
4979,2025-01-06,22,6,36.0,1
4980,2025-01-06,3,1,37.0,1
4981,2025-01-06,27,8,37.0,1
4982,2025-01-06,23,7,40.0,4
4983,2025-01-18,19,5,42.0,1
4984,2025-03-28,3,1,42.0,1
4985,2025-05-06,13,3,40.0,1
4986,2025-05-06,12,3,40.0,1
4987,2024-12-10,47,14,42.0,1
4988,2024-12-10,39,12,36.0,1
4989,2025-01-10,1,1,36.0,1
4990,2025-01-10,11,3,40.0,1
4991,2025-03-28,28,8,39.0,1
4992,2025-03-28,1,1,39.0,1
4993,2025-01-31,20,5,38.0,1
4994,2025-01-31,17,4,42.0,1
4995,2025-03-27,29,9,38.0,1
4996,2025-03-27,19,5,43.0,1
4997,2025-03-27,48,14,39.0,1
4998,2025-03-08,52,15,42.0,1
4999,2025-03-08,8,2,42.0,1
5000,2025-03-08,20,5,38.0,1
5005,2025-06-02,15,4,40.0,1
5006,2025-06-02,22,6,40.0,1
5007,2025-06-02,53,15,36.0,1
5008,2025-04-02,5,2,36.0,1
5009,2025-06-04,5,2,36.0,1
5010,2025-05-05,5,2,36.0,1
5011,2025-06-07,31,9,40.0,1
